id,main_topic,intent,question,answer,category,keywords,question_ms,question_en,question_zh,question_ta
1,Akademik & Semester Pendek,dimaksudkan_dengan_semester_pendek_politeknik,Apakah yang dimaksudkan dengan Semester Pendek di Politeknik?,Semester Pendek adalah sesi pengajian singkat (biasanya 8 minggu) yang ditawarkan semasa cuti panjang bagi membolehkan pelajar mengulang kursus yang gagal (tertakluk kepada penawaran jabatan).,Akademik & Semester Pendek,"dimaksudkan, dengan, semester, pendek, politeknik",,,,
2,Akademik & Semester Pendek,wajib_mendaftar_semester_pendek_gagal_sesuatu_subjek,Adakah pelajar wajib mendaftar Semester Pendek jika gagal sesuatu subjek?,"Tidak wajib, tetapi amat digalakkan bagi mengelakkan pelajar terpaksa menambah semester (extend) dan menjejaskan tarikh graduasi. Namun, ia tertakluk kepada jumlah kuota pelajar dan tenaga pengajar yang ada.",Akademik & Semester Pendek,"wajib, mendaftar, semester, pendek, gagal, sesuatu, subjek",,,,
3,Akademik & Semester Pendek,jam_kredit_maksimum_diambil_semester_pendek,Berapakah jam kredit maksimum yang boleh diambil pada Semester Pendek?,"Oleh kerana tempohnya singkat, pelajar hanya dibenarkan mengambil beban maksimum antara 6 hingga 8 jam kredit sahaja bagi memastikan kualiti pembelajaran tercapai.",Akademik & Semester Pendek,"jam, kredit, maksimum, diambil, semester, pendek",,,,
4,Akademik & Semester Pendek,kadar_yuran_pengajian_semester_pendek,Berapakah kadar yuran pengajian untuk Semester Pendek?,Kadar yuran Semester Pendek berbeza daripada semester biasa dan ditetapkan berdasarkan jumlah jam kredit yang didaftarkan. Pelajar perlu merujuk pekeliling kewangan JPPKK semasa.,Akademik & Semester Pendek,"kadar, yuran, pengajian, semester, pendek, jppkk",,,,
5,Akademik & Semester Pendek,mendaftar_kursus_audit_hanya_masuk_kelas_tanpa_ambil_peperik,Bolehkah saya mendaftar 'Kursus Audit' (hanya masuk kelas tanpa ambil peperiksaan)?,"Politeknik (PUO) secara umumnya fokus kepada pendidikan TVET berstruktur, dan pendaftaran secara rasmi sebagai 'Audit' untuk kursus diploma biasa jarang dibenarkan bagi pelajar diploma sepenuh masa.",Akademik & Semester Pendek,"mendaftar, kursus, audit, hanya, masuk, kelas, tanpa, ambil, peperiksaan, puo",,,,
6,Akademik & Semester Pendek,akan_terjadi_gagal_hadir_kelas_minggu_pertama_tanpa_sebab,Apa akan terjadi jika saya gagal hadir kelas pada minggu pertama (tanpa sebab)?,"Pensyarah berhak mengeluarkan surat amaran ketidakhadiran awal. Bagi Semester Pendek, ketidakhadiran amat kritikal dan peratusan 20% (Gagal Kehadiran) boleh dicapai dengan hanya ponteng beberapa kali sahaja.",Akademik & Semester Pendek,"akan, terjadi, gagal, hadir, kelas, minggu, pertama, tanpa, sebab",,,,
7,Akademik & Semester Pendek,hpnm_cgpa_akan_berubah_serta_merta_selepas_lulus_semester_pe,Adakah HPNM / CGPA saya akan berubah serta-merta selepas lulus Semester Pendek?,"Ya. Sistem SPMP akan mengemas kini (overwrite) gred subjek yang gagal itu dengan gred baharu selepas peperiksaan akhir Semester Pendek, dan HPNM keseluruhan akan dikira semula secara automatik.",Akademik & Semester Pendek,"hpnm, cgpa, akan, berubah, serta-merta, selepas, lulus, semester, pendek, spmp",,,,
8,Akademik & Semester Pendek,pinjaman_ptptn_disalurkan_semester_pendek,Adakah pinjaman PTPTN disalurkan pada Semester Pendek?,TIDAK. PTPTN hanya membiayai semester pengajian biasa (Semester 1 hingga 6). Segala yuran dan kos sara hidup semasa Semester Pendek adalah di bawah tanggungan peribadi pelajar sepenuhnya.,Akademik & Semester Pendek,"pinjaman, ptptn, disalurkan, semester, pendek, tidak",,,,
9,Akademik & Semester Pendek,pensyarah_menghalang_daripada_mengambil_peperiksaan_barred_f,Bolehkah pensyarah menghalang pelajar daripada mengambil peperiksaan (Barred from Exam)?,"Ya, ia adalah bidang kuasa pensyarah (melalui Ketua Jabatan) sekiranya pelajar didapati tidak memenuhi syarat kehadiran minimum 80% tanpa sokongan dokumen sijil perubatan (MC) yang sah.",Akademik & Semester Pendek,"pensyarah, menghalang, daripada, mengambil, peperiksaan, barred, from, exam, mc",,,,
10,Akademik & Semester Pendek,tarikh_peperiksaan_akhir_semester_pendek_bertembung_dengan_t,"Jika tarikh peperiksaan akhir Semester Pendek bertembung dengan tarikh saya lapor diri Latihan Industri, mana yang harus didahulukan?",Peperiksaan Akademik sentiasa menjadi keutamaan mutlak. Anda WAJIB memaklumkan kepada syarikat LI dan Unit Perhubungan & Latihan Industri (UPLI) untuk menangguhkan tarikh lapor diri ke syarikat selama beberapa hari.,Akademik & Semester Pendek,"tarikh, peperiksaan, akhir, semester, pendek, bertembung, dengan, lapor, diri, latihan",,,,
11,Pengurusan Pelajar Non-Resident (NR),dimaksudkan_dengan_luar_kampus_non_resident,Siapakah yang dimaksudkan dengan Pelajar Luar Kampus (Non-Resident)?,"Pelajar Non-Resident (NR) merujuk kepada pelajar politeknik yang tidak menginap di Kamsis (asrama), sebaliknya menyewa rumah di kawasan taman perumahan luar atau tinggal bersama keluarga.",Pengurusan Pelajar Non-Resident (NR),"dimaksudkan, dengan, luar, kampus, non-resident, nr",,,,
12,Pengurusan Pelajar Non-Resident (NR),menyediakan_perkhidmatan_mencari_rumah_sewa_nr,Adakah PUO menyediakan perkhidmatan mencari rumah sewa untuk pelajar NR?,"Pihak pengurusan tidak mencari rumah untuk pelajar, namun Jabatan Hal Ehwal Pelajar (HEP) ada menyediakan 'Papan Kenyataan Rumah Sewa' bagi memudahkan pelajar berhubung dengan pemilik rumah yang sah.",Pengurusan Pelajar Non-Resident (NR),"menyediakan, perkhidmatan, mencari, rumah, sewa, puo, nr, hep",,,,
13,Pengurusan Pelajar Non-Resident (NR),jawatankuasa_tatatertib_menghukum_nr_buat_bising_kacau_gangg,Bolehkah Jawatankuasa Tatatertib PUO menghukum pelajar NR yang buat bising / kacau ganggu di rumah sewa?,"BOLEH. Walaupun di luar kampus, di bawah Akta 174, sebarang kelakuan pelajar yang mencemarkan nama baik institusi (seperti aduan polis oleh jiran taman perumahan) membolehkan mereka dikenakan tindakan tatatertib politeknik.",Pengurusan Pelajar Non-Resident (NR),"jawatankuasa, tatatertib, menghukum, buat, bising, kacau, ganggu, rumah, sewa, puo",,,,
14,Pengurusan Pelajar Non-Resident (NR),nr_dibenarkan_masuk_kawasan_kamsis_asrama_sesuka_hati,Adakah pelajar NR dibenarkan masuk ke kawasan Kamsis (Asrama) sesuka hati?,"Tidak. Pelajar NR adalah pelawat bagi Kamsis dan diwajibkan mendaftar di pejabat pengurusan Kamsis/Pengawal jika mempunyai urusan akademik, serta dilarang bermalam di bilik Kamsis.",Pengurusan Pelajar Non-Resident (NR),"dibenarkan, masuk, kawasan, kamsis, asrama, sesuka, hati, nr",,,,
15,Pengurusan Pelajar Non-Resident (NR),bas_mengambil_kawasan_rumah_sewa_contohnya_gunung_rapat,Adakah bas PUO mengambil pelajar dari kawasan rumah sewa (contohnya di Gunung Rapat)?,Tidak. Bas PUO dikhususkan untuk urusan rasmi (lawatan/sukan). Pelajar NR perlu menguruskan logistik (kenderaan sendiri/awam) untuk berulang-alik ke kampus.,Pengurusan Pelajar Non-Resident (NR),"bas, mengambil, kawasan, rumah, sewa, contohnya, gunung, rapat, puo, nr",,,,
16,Pengurusan Pelajar Non-Resident (NR),nr_memohon_pelekat_kenderaan_sticker_meletak_kereta_kampus,Bolehkah pelajar NR memohon Pelekat Kenderaan (Sticker) untuk meletak kereta di dalam kampus?,Kelulusan pas kenderaan untuk kereta adalah sangat ketat dan diutamakan kepada staf. Pelajar NR kebiasaannya hanya diberi pelekat motosikal untuk meletak kenderaan di zon parkir pelajar.,Pengurusan Pelajar Non-Resident (NR),"memohon, pelekat, kenderaan, sticker, meletak, kereta, kampus, nr",,,,
17,Pengurusan Pelajar Non-Resident (NR),sakit_rumah_sewa_waktu_malam_warden_kamsis_akan_datang_memba,"Jika saya sakit di rumah sewa pada waktu malam, adakah warden Kamsis akan datang membantu?","Warden Kamsis hanya berbidang kuasa di dalam pagar asrama. Pelajar NR perlu bergantung kepada rakan serumah, menghubungi klinik/hospital awam (999), atau waris terdekat bagi urusan kecemasan di luar kampus.",Pengurusan Pelajar Non-Resident (NR),"sakit, rumah, sewa, waktu, malam, warden, kamsis, akan, datang, membantu",,,,
18,Pengurusan Pelajar Non-Resident (NR),dihalau_oleh_pemilik_rumah_sewa_tuan_rumah_tanpa_notis_menga,Saya dihalau oleh pemilik rumah sewa (Tuan Rumah) tanpa notis. Boleh saya mengadu ke HEP?,HEP boleh bertindak sebagai penasihat kebajikan sementara atau membenarkan pelajar memohon masuk Kamsis (jika ada kekosongan darurat). Namun isu kontrak sewaan rumah tertakluk kepada undang-undang sivil (Tribunal Tuntutan Pengguna).,Pengurusan Pelajar Non-Resident (NR),"dihalau, oleh, pemilik, rumah, sewa, tuan, tanpa, notis, mengadu, hep",,,,
19,Pengurusan Pelajar Non-Resident (NR),potongan_yuran_kamsis_rm60_secara_automatik_dikecualikan_ber,Adakah yuran Kolej Kediaman (Kamsis) dikecualikan jika saya berstatus NR?,"Ya, sistem invois yuran SPMP akan mengecualikan caj yuran asrama sekiranya profil anda tidak didaftarkan sebagai penghuni Kamsis pada semester tersebut.",Pengurusan Pelajar Non-Resident (NR),"potongan, yuran, kamsis, rm60, secara, automatik, dikecualikan, berstatus, nr, spmp",,,,
20,Pengurusan Pelajar Non-Resident (NR),lelaki_perempuan_berkongsi_menyewa_satu_rumah_sama,Bolehkah pelajar lelaki dan perempuan PUO berkongsi menyewa satu rumah yang sama?,DILARANG Keras. Berkhalwat atau menyewa bersekedudukan (berlainan jantina bukan mahram) adalah satu kesalahan jenayah syariah dan pelanggaran moral paling berat di bawah Akta 174 yang membawa hukuman buang institusi.,Pengurusan Pelajar Non-Resident (NR),"lelaki, perempuan, berkongsi, menyewa, satu, rumah, sama, puo, dilarang",,,,
21,Tatakelakuan & Penampilan,lelaki_dibenarkan_memakai_subang_earrings_atau_tindik_muka,Adakah pelajar lelaki dibenarkan memakai subang (Earrings) atau tindik di muka?,"Dilarang sama sekali. Etika Rupa Diri pelajar lelaki Politeknik Malaysia melarang pemakaian subang, tindik, atau rantai hiasan (kecuali atas tujuan keagamaan sah yang tidak menonjol).",Tatakelakuan & Penampilan,"lelaki, dibenarkan, memakai, subang, earrings, atau, tindik, muka",,,,
22,Tatakelakuan & Penampilan,mempunyai_cacah_tatoo_lengan_sebelum_masuk_perlu_lakukan,Saya mempunyai cacah (Tatoo) di lengan sebelum masuk PUO. Apa perlu saya lakukan?,"Tatoo sedia ada (kekal) tidak boleh dipadam, namun bagi mematuhi kod penampilan dan menghormati imej korporat kampus, pelajar tersebut WAJIB memakai kemeja berlengan panjang bagi menutupi tatoo tersebut sewaktu sesi kuliah.",Tatakelakuan & Penampilan,"mempunyai, cacah, tatoo, lengan, sebelum, masuk, perlu, lakukan, puo, wajib",,,,
23,Tatakelakuan & Penampilan,pakai_selipar_crocs_sandal_bertutup_masuk_kelas_amali_kaki_m,Boleh ke saya pakai 'Selipar Crocs' / Sandal Bertutup masuk ke kelas amali jika kaki melecet?,"Hanya dibenarkan jika anda mengemukakan Sijil Cuti Sakit (MC) atau surat pengesahan rawatan luka di kaki daripada klinik. Tanpa bukti perubatan, pemakaian apa jua jenis sandal/selipar adalah dilarang masuk dewan/kelas.",Tatakelakuan & Penampilan,"pakai, selipar, crocs, sandal, bertutup, masuk, kelas, amali, kaki, melecet",,,,
24,Tatakelakuan & Penampilan,mewarnakan_rambut_dengan_warna_fesyen_perang_merah_semasa_cu,Saya mewarnakan rambut dengan warna fesyen (Perang/Merah) semasa cuti sem. Boleh saya masuk kelas?,Tidak boleh. Pengawal keselamatan dan pensyarah berhak menghalau anda dari kelas/kampus. Anda WAJIB mewarnakan kembali (Dye) rambut ke warna asal (Hitam) sebelum dibenarkan meneruskan sesi pembelajaran.,Tatakelakuan & Penampilan,"mewarnakan, rambut, dengan, warna, fesyen, perang, merah, semasa, cuti, sem",,,,
25,Tatakelakuan & Penampilan,berbasikal_kampus_menggunakan_seluar_ketat_berbasikal_cyclin,Bolehkah pelajar berbasikal di dalam kampus menggunakan seluar ketat berbasikal (Cycling Tights/Spandex)?,Pakaian sukan yang terlampau ketat dan menjolok mata (menampakkan bentuk tubuh badan dengan jelas) dilarang dipakai secara terbuka di luar kawasan padang/kompleks sukan tanpa dilapisi seluar pendek yang lebih longgar.,Tatakelakuan & Penampilan,"berbasikal, kampus, menggunakan, seluar, ketat, cycling, tights, spandex",,,,
26,Tatakelakuan & Penampilan,terlupa_cukur_misai_janggut_panjang_serabut_pensyarah_denda,Saya terlupa cukur misai dan janggut yang panjang/serabut. Boleh ke pensyarah denda saya?,"Ya, tatatertib rupa diri lelaki JPPKK menetapkan wajah mesti bersih (Clean Shaven). Misai atau janggut hanya dibenarkan jika diurus sangat kemas (rapi), sekiranya serabut, pensyarah berhak menghalau pelajar keluar kelas untuk bercukur.",Tatakelakuan & Penampilan,"terlupa, cukur, misai, janggut, panjang, serabut, pensyarah, denda, jppkk",,,,
27,Tatakelakuan & Penampilan,etika_bagi_perempuan_memakai_alat_solek_make_up_kelas,Apakah etika bagi pelajar perempuan memakai alat solek (Make-up) ke kelas?,"Pemakaian alat solek dibenarkan tetapi mestilah bersifat sederhana, tidak keterlaluan (over-makeup), dan bersesuaian dengan persekitaran pembelajaran korporat.",Tatakelakuan & Penampilan,"etika, bagi, perempuan, memakai, alat, solek, make-up, kelas",,,,
28,Tatakelakuan & Penampilan,pakai_baju_sukan_tracksuit_pergi_perpustakaan_ptsom_hari_rab,Boleh saya pakai Baju Sukan/Tracksuit untuk pergi ke Perpustakaan (PTSOM) pada hari Rabu petang?,Pintu masuk Perpustakaan PTSOM mempunyai kod pakaian sendiri. Baju sukan (Tracksuit) dan T-Shirt round neck TIDAK dibenarkan masuk ke PTSOM sama sekali pada mana-mana waktu pejabat operasi rasmi.,Tatakelakuan & Penampilan,"pakai, baju, sukan, tracksuit, pergi, perpustakaan, ptsom, hari, rabu, petang",,,,
29,Tatakelakuan & Penampilan,pakaian_baju_kurung_moden_mempunyai_belahan_tinggi_slit_dibe,Adakah pakaian 'Baju Kurung Moden' yang mempunyai belahan tinggi (Slit) dibenarkan?,Tidak dibenarkan. Pakaian rasmi dan tradisional mesti menepati kesopanan; belahan pada kain (slit) yang terdedah sehingga menampakkan betis adalah menyalahi garis panduan kesopanan pakaian wanita PUO.,Tatakelakuan & Penampilan,"pakaian, baju, kurung, moden, mempunyai, belahan, tinggi, slit, dibenarkan, puo",,,,
30,Tatakelakuan & Penampilan,disaman_disiplin_kad_biru_kuning_oleh_penasihat_akademik_ata,Saya disaman disiplin (Kad Biru/Kuning) oleh Penasihat Akademik atas kesalahan pakaian. Di mana nak bayar?,Notis saman disiplin pakaian atau rupa diri boleh dikeluarkan oleh staf akademik/pengawal. Bayaran denda tatatertib (biasanya RM50) wajib dijelaskan di Kaunter Kewangan PUO dan slip diserah ke Jabatan HEP.,Tatakelakuan & Penampilan,"disaman, disiplin, kad, biru, kuning, oleh, penasihat, akademik, atas, kesalahan",,,,
31,"Kesihatan, Perubatan & Wabak",perlu_dilakukan_disahkan_positif_penyakit_berjangkit_berbaha,Apakah yang perlu dilakukan jika saya disahkan positif penyakit berjangkit berbahaya (cth: Tibi / Cacar Air)?,Anda WAJIB segera memaklumkan kepada Penasihat Akademik (PA) dan Warden Kamsis berserta salinan MC/Laporan KKM. Anda akan dilarang hadir ke kampus sepenuhnya (diwajibkan kuarantin di rumah/hospital) untuk mengelak kluster kampus.,"Kesihatan, Perubatan & Wabak","perlu, dilakukan, disahkan, positif, penyakit, berjangkit, berbahaya, cth, tibi, cacar",,,,
32,"Kesihatan, Perubatan & Wabak",unit_kesihatan_hep_membekalkan_ubat_terkawal_seperti_antibio,Bolehkah Unit Kesihatan/HEP PUO membekalkan ubat terkawal (seperti antibiotik) kepada pelajar sakit?,"TIDAK. Unit Kesihatan politeknik / Sick Bay hanya menguruskan 'First Aid' asas (seperti ubat luka, panadol). Pengedaran ubat terkawal (Antibiotik/Psikiatri) adalah menyalahi akta perubatan dan hanya boleh dipreskripsi oleh Pegawai Perubatan (Doktor) bertauliah di fasiliti klinik KKM/Swasta.","Kesihatan, Perubatan & Wabak","unit, kesihatan, hep, membekalkan, ubat, terkawal, seperti, antibiotik, kepada, sakit",,,,
33,"Kesihatan, Perubatan & Wabak",mendapat_rawatan_gigi_cabut_gigi_pembedahan_geraham_laku_mc,Saya mendapat rawatan gigi (Cabut Gigi/Pembedahan Geraham). Laku ke MC dari klinik gigi untuk kelas saya?,LAKU. Sijil Cuti Sakit (MC) yang dikeluarkan secara sah oleh Pegawai Pergigian berdaftar (Klinik Pergigian Kerajaan atau Swasta) adalah diperakui sah bagi tujuan pengecualian kuliah.,"Kesihatan, Perubatan & Wabak","mendapat, rawatan, gigi, cabut, pembedahan, geraham, laku, klinik, kelas, mc",,,,
34,"Kesihatan, Perubatan & Wabak",menyambung_belajar_selepas_kemalangan_parah_pakai_kerusi_rod,Adakah pelajar yang menyambung belajar selepas kemalangan parah (pakai kerusi roda) perlu lapor diri ke unit khas?,"Ya, pelajar perlu memaklumkan kepada Unit Kebajikan HEP untuk mengemas kini profil mobiliti pelajar. Jabatan Akademik kemudian boleh menyelaras pemindahan kelas pelajar tersebut ke bilik kuliah Aras Bawah (Ground Floor).","Kesihatan, Perubatan & Wabak","menyambung, belajar, selepas, kemalangan, parah, pakai, kerusi, roda, perlu, lapor",,,,
35,"Kesihatan, Perubatan & Wabak",prosedur_disengat_serangga_berbisa_tebuan_kala_jengking_kawa,Apa prosedur jika saya disengat serangga berbisa (Tebuan/Kala Jengking) di kawasan taman Kamsis?,Kecemasan Segera. Rakan perlu menghubungi pengawal bertugas untuk kenderaan pacuan (atau 999). Pelajar dilarang menyedut bisa; mangsa akan dikejarkan ke Jabatan Kecemasan Hospital Raja Permaisuri Bainun (HRPB) untuk suntikan Anti-Tetanus/Anti-Venom.,"Kesihatan, Perubatan & Wabak","prosedur, disengat, serangga, berbisa, tebuan, kala, jengking, kawasan, taman, kamsis",,,,
36,"Kesihatan, Perubatan & Wabak",sesak_nafas_asma_kritikal_dewan_peperiksaan_exam_batal,"Jika saya sesak nafas (Asma) yang kritikal di dewan peperiksaan, adakah exam saya batal?","Kesihatan diutamakan. Pengawas akan memanggil unit kecemasan dan menghentikan sesi anda (Bawa Keluar Dewan). Exam anda tidak 'batal', sebaliknya ia akan diklasifikasikan sebagai Tidak Hadir (Bersyarat) dan anda layak menduduki Peperiksaan Gantian kelak.","Kesihatan, Perubatan & Wabak","sesak, nafas, asma, kritikal, dewan, peperiksaan, exam, batal",,,,
37,"Kesihatan, Perubatan & Wabak",minta_kaunselor_unit_psikologi_kerjaya_upk_membelikan_ubat_f,Bolehkah saya minta Kaunselor Unit Psikologi & Kerjaya (UPK) membelikan ubat farmasi untuk saya?,Tidak boleh. Kaunselor (UPK) memberikan khidmat terapi sokongan psikologi dan bimbingan moral (Bukan Pakar Psikiatri). Pengambilan ubatan farmasi adalah urusan dan tanggungjawab peribadi pelajar bersama doktor perubatan.,"Kesihatan, Perubatan & Wabak","minta, kaunselor, unit, psikologi, kerjaya, upk, membelikan, ubat, farmasi",,,,
38,"Kesihatan, Perubatan & Wabak",yuran_ambulan_dipanggil_ditanggung_oleh_politeknik,Adakah yuran ambulan (jika dipanggil) ditanggung oleh politeknik?,Perkhidmatan ambulans kecemasan 999 adalah perkhidmatan awam kerajaan. Panggilan ke talian 999 bagi kes kecemasan adalah bebas tol/percuma. Segala caj hospital kerajaan selanjutnya disubsidi atau ditanggung insurans kelompok JPPKK (bagi kes kemalangan).,"Kesihatan, Perubatan & Wabak","yuran, ambulan, dipanggil, ditanggung, oleh, politeknik, jppkk",,,,
39,"Kesihatan, Perubatan & Wabak",selalu_sakit_mata_konjunktivitis_asrama_pergi_kelas,Pelajar selalu sakit mata (Konjunktivitis) di asrama. Boleh saya pergi kelas?,Tidak Dibenarkan. Konjunktivitis (sakit mata merah) sangat mudah berjangkit. Pelajar wajib mendapatkan surat cuti sakit (MC) dan dikuarantin di dalam bilik (atau pulang ke rumah) sehingga jangkitan tersebut disahkan sembuh oleh doktor.,"Kesihatan, Perubatan & Wabak","selalu, sakit, mata, konjunktivitis, asrama, pergi, kelas, mc",,,,
40,"Kesihatan, Perubatan & Wabak",program_diet_sihat_saringan_bmi_diwajibkan_kepada_obesiti,Adakah program 'Diet Sihat / Saringan BMI' diwajibkan kepada pelajar obesiti di PUO?,Program saringan kesihatan / kempen gaya hidup sihat sering dianjurkan (secara sukarela) oleh Jabatan Pengajian Am atau Unit Sukan. Pelajar amat digalakkan menyertai ceramah pemakanan dan sesi senamrobik tanpa sebarang paksaan.,"Kesihatan, Perubatan & Wabak","program, diet, sihat, saringan, bmi, diwajibkan, kepada, obesiti, puo",,,,
41,Latihan Industri & Pekerja Praktikal,syarikat_latihan_industri_li_memberhentikan_buang_tempoh_24,Bolehkah syarikat Latihan Industri (LI) memberhentikan (buang) saya dalam tempoh 24 jam tanpa notis?,"Dari segi perundangan praktikal, syarikat berhak menamatkan latihan anda jika terdapat salah laku serius (seperti curi tulang, curi barang). Pihak Syarikat WAJIB menghantar laporan 'Termination' rasmi kepada Pengarah PUO / UPLI serta-merta.",Latihan Industri & Pekerja Praktikal,"syarikat, latihan, industri, memberhentikan, buang, tempoh, jam, tanpa, notis, li",,,,
42,Latihan Industri & Pekerja Praktikal,syarikat_latihan_industri_berkeras_menyuruh_buat_kerja_meleb,Syarikat Latihan Industri saya berkeras menyuruh saya buat kerja melebihi jam 12:00 tengah malam. Adakah ini sah?,"Tidak sah untuk status pelajar. Pelajar Praktikal tidak tertakluk kepada Akta Kerja sepenuhnya, namun UPLI JPPKK menetapkan garis panduan melarang eksploitasi jam kerja ekstrem. Pelajar wajib melapor hal ini kepada Pensyarah Pemantau (UPLI).",Latihan Industri & Pekerja Praktikal,"syarikat, latihan, industri, berkeras, menyuruh, buat, kerja, melebihi, jam, tengah",,,,
43,Latihan Industri & Pekerja Praktikal,wajib_mencarum_kumpulan_wang_simpanan_pekerja_kwsp_epf_elaun,Adakah saya wajib mencarum Kumpulan Wang Simpanan Pekerja (KWSP / EPF) dari elaun Latihan Industri saya?,"Secara undang-undangnya, Elaun Latihan Industri TIDAK tertakluk kepada caruman wajib KWSP kerana tiada wujudnya kontrak 'Majikan-Pekerja' (Employee-Employer Contract) rasmi, melainkan syarikat menawarkannya secara sukarela.",Latihan Industri & Pekerja Praktikal,"wajib, mencarum, kumpulan, wang, simpanan, pekerja, kwsp, epf, elaun, latihan",,,,
44,Latihan Industri & Pekerja Praktikal,syarikat_meminta_memberikan_sijil_diploma_transkrip_asal_seb,Syarikat meminta saya memberikan Sijil Diploma (Transkrip Asal) sebagai 'Cagaran' (Pegang Sijil) semasa Latihan Industri. Boleh ke?,DILARANG SAMA SEKALI. Menahan/memegang dokumen pengenalan diri atau dokumen akademik asal (sebagai cagaran bekerja) adalah salah di sisi undang-undang. Serahkan HANYA salinan yang disahkan (Certified True Copy) sahaja.,Latihan Industri & Pekerja Praktikal,"syarikat, meminta, memberikan, sijil, diploma, transkrip, asal, sebagai, cagaran, pegang",,,,
45,Latihan Industri & Pekerja Praktikal,syarikat_pilih_li_terlibat_skim_cepat_kaya_ponzi_scam_li_sah,"Jika syarikat yang saya pilih untuk LI terlibat dalam Skim Cepat Kaya (Ponzi/Scam), adakah LI saya sah?","Tidak Sah dan Terbatal. Sebelum pendaftaran LI, Unit UPLI membuat tapisan SSM syarikat. Jika didapati ia adalah perniagaan tidak berdaftar, tidak sah, atau berunsur penipuan, UPLI akan menolak (Reject) permohonan syarikat tersebut sejak awal.",Latihan Industri & Pekerja Praktikal,"syarikat, pilih, terlibat, skim, cepat, kaya, ponzi, scam, sah, li",,,,
46,Latihan Industri & Pekerja Praktikal,ambil_cuti_3_hari_syarikat_li_semata_mata_hadir_konvokesyen,Boleh saya ambil cuti 3 hari dari syarikat LI semata-mata untuk hadir konvokesyen kawan saya di universiti lain?,Tidak dibenarkan. Keistimewaan cuti di tempat LI adalah sangat terhad. Cuti peribadi (selain daripada urusan kecemasan kematian keluarga terdekat atau MC) boleh menjejaskan peratusan penilaian sahsiah / prestasi industri anda di mata majikan.,Latihan Industri & Pekerja Praktikal,"ambil, cuti, hari, syarikat, semata-mata, hadir, konvokesyen, kawan, universiti, lain",,,,
47,Latihan Industri & Pekerja Praktikal,bekerja_rajin_tetapi_penyelia_syarikat_penyelia_industri_men,"Saya bekerja rajin, tetapi Penyelia Syarikat (Penyelia Industri) mengugut mahu bagi markah 0% sebab alasan peribadi. Apa patut saya buat?","Sistem penilaian UPLI adalah adil (telus). Jika pelajar merasakan wujud penindasan/ugutan, anda WAJIB membentangkan bukti (emel/mesej) kepada Pensyarah Pemantau PUO. Pensyarah Penilai berhak campur tangan dan menyemak (override) justifikasi pemarkahan tersebut.",Latihan Industri & Pekerja Praktikal,"bekerja, rajin, tetapi, penyelia, syarikat, industri, mengugut, mahu, bagi, markah",,,,
48,Latihan Industri & Pekerja Praktikal,dapat_tempat_latihan_industri_pejabat_kementerian_kerajaan_k,Saya dapat tempat Latihan Industri di Pejabat Kementerian (Kerajaan). Adakah kerajaan wajib bayar elaun?,"Bagi kementerian dan jabatan awam, pembayaran elaun Latihan Industri kepada pelajar IPTA/Politeknik adalah BERGANTUNG KEPADA PERUNTUKAN (Pekeliling Perbendaharaan) jabatan masing-masing pada tahun semasa (Boleh jadi dibayar, boleh jadi tiada).",Latihan Industri & Pekerja Praktikal,"dapat, tempat, latihan, industri, pejabat, kementerian, kerajaan, wajib, bayar, elaun",,,,
49,Latihan Industri & Pekerja Praktikal,menggunakan_komputer_pejabat_syarikat_li_membuat_freelance_s,Bolehkah saya menggunakan komputer pejabat (Syarikat LI) untuk membuat 'Freelance / Side Income' sendiri?,"Ini adalah pelanggaran Etika Sulit (Confidentiality & Integrity) tempat kerja yang serius. Menyalahgunakan fasiliti, masa, atau internet syarikat untuk tugasan komersial peribadi boleh menyebabkan anda dibuang praktikal serta-merta.",Latihan Industri & Pekerja Praktikal,"menggunakan, komputer, pejabat, syarikat, membuat, freelance, side, income, sendiri, li",,,,
50,Latihan Industri & Pekerja Praktikal,syarikat_mahu_menghantar_li_mewakili_mereka_lawatan_kerja_3,Syarikat mahu menghantar saya (pelajar LI) mewakili mereka untuk lawatan kerja 3 hari ke Luar Negara (Thailand). Boleh?,"Boleh, dengan SYARAT syarikat membiayai sepenuhnya tiket, logistik, insurans perjalanan (Travel Insurance), dan pelajar/syarikat WAJIB memohon surat kelulusan pergerakan luar negara daripada Pengarah PUO / UPLI terlebih dahulu.",Latihan Industri & Pekerja Praktikal,"syarikat, mahu, menghantar, mewakili, mereka, lawatan, kerja, hari, luar, negara",,,,
51,"Kewangan, Yuran & Tajaan Ekstra",tamat_pengajian_graduasi_baki_wang_berlebihan_lejar_sistem_k,"Jika saya tamat pengajian (graduasi), adakah baki wang berlebihan dalam lejar (Sistem Kewangan) PUO saya akan dilesapkan?",Tidak. Sebarang lebihan yuran (Overpaid) atau pemulangan cagaran di dalam sistem kewangan institusi WAJIB dipulangkan (Refund) ke dalam akaun bank peribadi graduan selepas proses pelepasan audit selesai.,"Kewangan, Yuran & Tajaan Ekstra","tamat, pengajian, graduasi, baki, wang, berlebihan, lejar, sistem, kewangan, akan",,,,
52,"Kewangan, Yuran & Tajaan Ekstra",anak_yatim_piatu_automatik_mendapat_yuran_pengajian_percuma,Adakah anak yatim piatu automatik mendapat yuran pengajian percuma di PUO?,"Tiada status 'automatik percuma' secara pukal, NAMUN pelajar berstatus Yatim Piatu sangat berpotensi tinggi memohon Biasiswa Khas (seperti Dermasiswa KPT / Bantuan Zakat) yang akan menampung 100% kos kewangan mereka sepanjang diploma.","Kewangan, Yuran & Tajaan Ekstra","anak, yatim, piatu, automatik, mendapat, yuran, pengajian, percuma, puo, namun",,,,
53,"Kewangan, Yuran & Tajaan Ekstra",menyewa_rumah_luar_nr_layak_memohon_sumbangan_food_bank_atau,Adakah pelajar yang menyewa rumah di luar (NR) layak memohon sumbangan 'Food Bank' atau pek bakul makanan?,"Sangat layak. Skim Food Bank HEP dan Pusat Islam tidak mengira sama ada pelajar itu menginap di Kamsis atau luar, asalkan mereka tergolong dalam kumpulan asnaf / B40 yang dikenal pasti memerlukan bantuan makanan harian.","Kewangan, Yuran & Tajaan Ekstra","menyewa, rumah, luar, layak, memohon, sumbangan, food, bank, atau, pek",,,,
54,"Kewangan, Yuran & Tajaan Ekstra",prosedur_memohon_penaja_menaja_kelab_kereta_solar_politeknik,Bagaimanakah prosedur untuk memohon penaja menaja kelab kereta solar politeknik?,"Penasihat kelab wajib menghantar draf Kertas Kerja Penajaan Inovasi ke Unit CISEC dan Pejabat Pengarah. Semua permohonan rasmi (Sponsorship Letter) kepada syarikat automotif/korporat MESTI menggunakan *Letterhead* Pengarah PUO, bukan surat peribadi kelab.","Kewangan, Yuran & Tajaan Ekstra","prosedur, memohon, penaja, menaja, kelab, kereta, solar, politeknik, cisec, mesti",,,,
55,"Kewangan, Yuran & Tajaan Ekstra",denda_perpustakaan_ptsom_rm5_dibayar_menggunakan_wang_tunai,Adakah denda perpustakaan (PTSOM) RM5 boleh dibayar menggunakan wang tunai di kaunter perpustakaan?,"Politeknik ke arah institusi tanpa tunai (Cashless). Bayaran denda lazimnya tidak dipungut di kaunter PTSOM, sebaliknya diwajibkan bayar di Kaunter Kewangan Pusat / melalui portal transaksi JomPAY sebelum resit diserahkan ke PTSOM untuk pembersihan akaun pinjaman.","Kewangan, Yuran & Tajaan Ekstra","denda, perpustakaan, ptsom, rm5, dibayar, menggunakan, wang, tunai, kaunter",,,,
56,"Kewangan, Yuran & Tajaan Ekstra",menjadikan_adik_beradik_tiri_berlainan_ibu_sebagai_penjamin,Bolehkah saya menjadikan adik beradik tiri (berlainan ibu) sebagai Penjamin Dokumen PTPTN?,"SOP PTPTN menetapkan Penjamin / Waris mestilah Ibu Bapa kandung, atau Penjaga Sah (Legal Guardian) berdaftar. Adik-beradik tiri tidak diterima melainkan mereka merupakan penjaga mutlak dengan pengesahan hitam putih Pejabat Daerah/Mahkamah.","Kewangan, Yuran & Tajaan Ekstra","menjadikan, adik, beradik, tiri, berlainan, ibu, sebagai, penjamin, dokumen, ptptn",,,,
57,"Kewangan, Yuran & Tajaan Ekstra",pendapatan_isi_rumah_ibu_bapa_tiba_tiba_naik_contohnya_bapa,"Jika pendapatan isi rumah ibu bapa saya tiba-tiba naik (contohnya bapa dinaikkan pangkat), adakah PTPTN saya ditarik?","Kelulusan peringkat / peratusan nilai pembiayaan (100%, 75%, 50%) PTPTN adalah muktamad berdasarkan maklumat pengisytiharan BSH/BKM/Gaji (Slip LHDN) sewaktu permohonan asal (Perjanjian). Kenaikan gaji ibu bapa di pertengahan semester biasanya tidak mengubah kontrak pinjaman aktif tersebut.","Kewangan, Yuran & Tajaan Ekstra","pendapatan, isi, rumah, ibu, bapa, tiba-tiba, naik, contohnya, dinaikkan, pangkat",,,,
58,"Kewangan, Yuran & Tajaan Ekstra",cukai_barang_perkhidmatan_sst_dikenakan_terhadap_harga_yuran,Adakah 'Cukai Barang dan Perkhidmatan (SST)' dikenakan terhadap harga yuran diploma RM200?,Tidak. Pendidikan Awam (institusi kerajaan KPT) dikecualikan (Exempted) sepenuhnya daripada sebarang Cukai Jualan dan Perkhidmatan (SST). RM200 adalah yuran pengajian bersih setiap semester.,"Kewangan, Yuran & Tajaan Ekstra","cukai, barang, perkhidmatan, sst, dikenakan, terhadap, harga, yuran, diploma, rm200",,,,
59,"Kewangan, Yuran & Tajaan Ekstra",sistem_e_pembayaran_jompay_tergendala_down_hari_akhir_tutup,Sistem e-Pembayaran PUO (JomPAY) tergendala (Down) pada hari akhir tutup bayaran yuran. Apa jaminan saya tak didenda?,Pihak Unit Pengurusan Maklumat / Kewangan PUO akan maklum ralat 'Server' kebangsaan. Tarikh tutup pembayaran (Deadline) secara rasmi dan automatik akan dilanjutkan (diperpanjangkan) tanpa sebarang denda diletakkan atas kerosakan teknikal (Sistem Down) di pihak kerajaan.,"Kewangan, Yuran & Tajaan Ekstra","sistem, e-pembayaran, jompay, tergendala, down, hari, akhir, tutup, bayaran, yuran",,,,
60,"Kewangan, Yuran & Tajaan Ekstra",majlis_agama_islam_negeri_baitulmal_memotong_menahan_wang_ta,Bolehkah Majlis Agama Islam Negeri (Baitulmal) memotong / menahan wang tajaan pelajar jika pelajar hisap rokok?,Bergantung kepada perjanjian surat tawaran penajaan. Ada Majlis Agama (Zakat) menetapkan syarat ketat peribadi asnaf. Terlibat dalam salah laku disiplin (merokok/ponteng) boleh menjejaskan pencairan elaun sara hidup tajaan mereka.,"Kewangan, Yuran & Tajaan Ekstra","majlis, agama, islam, negeri, baitulmal, memotong, menahan, wang, tajaan, hisap",,,,
61,"Persatuan, Logistik & HEP",persatuan_anak_negeri_contoh_persatuan_anak_johor_nak_buat_m,"Jika Persatuan Anak Negeri (contoh Persatuan Anak Johor) nak buat majlis santai BBQ di padang, perlukah kertas kerja?","Ya. Semua kelab (walaupun bersifat kenegerian / tidak rasmi) yang mahu menggunakan fasiliti, kemudahan elektrik, air, dan padang kampus WAJIB menghantar Kertas Kerja Aktiviti / Borang Kelulusan Program ke Jabatan Hal Ehwal Pelajar (HEP).","Persatuan, Logistik & HEP","persatuan, anak, negeri, contoh, johor, nak, buat, majlis, santai, bbq",,,,
62,"Persatuan, Logistik & HEP",berapa_had_peruntukan_bajet_wang_tabung_amanah_dipohon_oleh,Berapa had peruntukan (bajet wang) dari Tabung Amanah yang boleh dipohon oleh sesebuah kelab baru untuk program pertama?,"Tiada had tetap, tetapi Unit Kewangan HEP mengamalkan konsep pembiayaan berhemat (Prudent). Kelab baharu lazimnya diberi jumlah 'Seed Money' atau geran kecil (contoh RM300 - RM500) yang rasional untuk ujian kemampuan penganjuran program pertama mereka.","Persatuan, Logistik & HEP","berapa, had, peruntukan, bajet, wang, tabung, amanah, dipohon, oleh, sesebuah",,,,
63,"Persatuan, Logistik & HEP",ahli_jawatankuasa_kelab_menempah_menyewa_bas_kilang_bas_peke,Bolehkah Ahli Jawatankuasa kelab menempah / menyewa Bas Kilang (Bas Pekerja) yang tiada insurans persiaran luar?,"SANGAT DILARANG (Menyalahi SPAD / APAD). Jika kelab menempah bas luar, ia WAJIB bas persiaran rasmi (Tour Bus) berdaftar berlesen penuh (Permit Lawatan) berserta perlindungan Insurans Penumpang Penuh demi keselamatan pelajar yang menyertainya.","Persatuan, Logistik & HEP","ahli, jawatankuasa, kelab, menempah, menyewa, bas, kilang, pekerja, tiada, insurans",,,,
64,"Persatuan, Logistik & HEP",prosedurnya_kelab_luar_kampus_ngo_mahu_tumpang_berniaga_karn,Apa prosedurnya jika kelab luar kampus (NGO) mahu tumpang berniaga di Karnival Jualan Kelab Pelajar PUO?,"AJK Program Kelab Pelajar perlu mendapatkan senarai vendor (NGO/Syarikat Luar), menyemak status perniagaan, dan memajukannya kepada pengurusan Koperasi PUO / Fasiliti untuk menentukan kadar (Cukai Tapak Niaga Luar) sebelum Pengarah PUO meluluskannya.","Persatuan, Logistik & HEP","prosedurnya, kelab, luar, kampus, ngo, mahu, tumpang, berniaga, karnival, jualan",,,,
65,"Persatuan, Logistik & HEP",ajk_persatuan_menetapkan_denda_wang_tunai_rm5_kepada_ahli_ti,Bolehkah AJK persatuan menetapkan denda wang tunai 'RM5' kepada ahli jika tidak hadir mesyuarat?,TIDAK SAH dari segi perlembagaan kelab pelajar. Ahli jawatankuasa pelajar tiada sebarang bidang kuasa mengeluarkan denda wang (kompaun) terhadap rakan ahli. Penalti yang dibenarkan hanyalah membatalkan pemarkahan merit kokurikulum ahli tersebut.,"Persatuan, Logistik & HEP","ajk, persatuan, menetapkan, denda, wang, tunai, rm5, kepada, ahli, tidak",,,,
66,"Persatuan, Logistik & HEP",layak_meminta_surat_pelepasan_kuliah_menyertai_pertandingan,Adakah pelajar layak meminta surat pelepasan kuliah untuk menyertai pertandingan nyanyian (Bakat) anjuran stesen TV luar?,Kebiasaannya Surat Pelepasan Rasmi (Memo) HANYA dikeluarkan untuk perwakilan akademik / sukan / kebudayaan yang berdaftar di bawah payung KPT/Politeknik (Mewakili PUO). Penyertaan ujibakat swasta berbentuk peribadi memerlukan pelajar memohon Cuti Khas sendiri (tanpa memo lepasan kuliah).,"Persatuan, Logistik & HEP","layak, meminta, surat, pelepasan, kuliah, menyertai, pertandingan, nyanyian, bakat, anjuran",,,,
67,"Persatuan, Logistik & HEP",kelab_komputer_mahu_mengadakan_pertandingan_e_games_24_jam_d,Kelab Komputer mahu mengadakan Pertandingan E-Games 24 Jam di Dewan. Dibenarkan?,"Polisi kampus tidak menyokong penganjuran acara (Event) atau pembukaan dewan melibatkan pelajar berhimpun melepasi jam 11:30 malam / 12:00 tengah malam (Curfew Institusi) atas isu keselamatan pengawal dan penjimatan bil elektrik utiliti jabatan, melainkan program Ihya Ramadan.","Persatuan, Logistik & HEP","kelab, komputer, mahu, mengadakan, pertandingan, e-games, jam, dewan, dibenarkan, e-",,,,
68,"Persatuan, Logistik & HEP",ketua_kelas_rep_mengumpulkan_kad_matrik_rakan_rakan_pendafta,Bolehkah Ketua Kelas (Rep) mengumpulkan kad matrik rakan-rakan untuk pendaftaran pukal di pintu perpustakaan / program?,"Memegang kad identiti peribadi orang lain (walaupun kawan sekelas) adalah salah di sisi akta keselamatan, melainkan atas arahan terus dan disaksikan pegawai rasmi. Sistem kehadiran (Pendaftaran Kod Bar/QR) WAJIB diimbas sendiri oleh pemilik tubuh untuk mengelak manipulasi kehadiran.","Persatuan, Logistik & HEP","ketua, kelas, rep, mengumpulkan, kad, matrik, rakan-rakan, pendaftaran, pukal, pintu",,,,
69,"Persatuan, Logistik & HEP",wakil_mpp_mengakses_pangkalan_data_nombor_telefon_bimbit_per,"Jika saya wakil MPP, bolehkah saya mengakses pangkalan data (nombor telefon bimbit peribadi / IC) semua pelajar PUO untuk hebahan program?","Ditegah 100%. Data maklumat (Nombor Telefon/Alamat/IC) pelajar adalah sulit (Confidential) di bawah perlindungan akta PDPA dan pelayan JTMK. Hebahan pukal (Blast Info) MESTI dilakukan oleh pentadbir IT (Admin), bukan diagihkan data itu kepada exco pelajar.","Persatuan, Logistik & HEP","wakil, mpp, mengakses, pangkalan, data, nombor, telefon, bimbit, peribadi, semua",,,,
70,"Persatuan, Logistik & HEP",kelab_persatuan_dibenarkan_mengadakan_program_lawatan_sukane,"Adakah kelab persatuan dibenarkan mengadakan program lawatan, sukaneka, atau perkhemahan pada (Minggu Ulang Kaji / Study Week)?","Dilarang sepenuhnya. Minggu Ulang Kaji adalah Warta Zon Bebas Aktiviti (Free Activity Zone). HEP akan menolak SEMUA permohonan kelulusan sebarang bentuk pertandingan sukan, lawatan sosial, atau perayaan pelajar agar 100% fokus diberikan persediaan peperiksaan (Final Exam).","Persatuan, Logistik & HEP","kelab, persatuan, dibenarkan, mengadakan, program, lawatan, sukaneka, atau, perkhemahan, minggu",,,,
71,Konvokesyen & Pasaran Kerja (SKPG),skrol_sijil_palsu_fake_scroll_wujud_ciri_keselamatan_sijil_d,Apa itu Skrol Sijil Palsu (Fake Scroll) dan adakah wujud ciri keselamatan pada Sijil Diploma PUO?,"Ya, bagi mengekang sindiket pemalsuan kelulusan akademik, setiap Sijil Diploma KPT/PUO dicetak menggunakan kertas khas dari pencetak keselamatan, memaparkan (Watermark) lambang institusi, kod nombor siri unik KPT berpusat, dan cetakan mikroteks yang sukar diimbas ciplak.",Konvokesyen & Pasaran Kerja (SKPG),"skrol, sijil, palsu, fake, scroll, wujud, ciri, keselamatan, diploma, puo",,,,
72,Konvokesyen & Pasaran Kerja (SKPG),dah_kerja_offshore_laut_sebelum_tarikh_konvokesyen_minta_tra,Saya dah kerja offshore (laut) sebelum tarikh Konvokesyen. Boleh saya minta transkrip saya dipos (courier) ke rumah Sabah?,"Boleh. Jika tidak menghadiri Konvokesyen, graduan boleh mengisi Borang Memohon Pengeposan Sijil/Transkrip di Unit Peperiksaan. Kos pengeposan berdaftar (PosLaju) atau kurier premium dibiayai dan ditanggung risiko sepenuhnya oleh pihak graduan.",Konvokesyen & Pasaran Kerja (SKPG),"dah, kerja, offshore, laut, sebelum, tarikh, konvokesyen, minta, transkrip, dipos",,,,
73,Konvokesyen & Pasaran Kerja (SKPG),jubah_konvokesyen_pinjam_sewa_terkoyak_tidak_ambil_transkrip,"Jika Jubah Konvokesyen PUO yang saya pinjam (Sewa) terkoyak, adakah saya tidak boleh ambil transkrip?","Anda tetap boleh mengambil transkrip anda. TETAPI, yuran deposit cagaran jubah (contohnya RM50-RM100) akan dirampas/ditolak (Forfeited) bagi menampung nilai ganti rugi jahitan atau penggantian jubah yang cacat tersebut oleh vendor pembekal.",Konvokesyen & Pasaran Kerja (SKPG),"jubah, konvokesyen, pinjam, sewa, terkoyak, tidak, ambil, transkrip, puo, tetapi",,,,
74,Konvokesyen & Pasaran Kerja (SKPG),membawa_jurugambar_luar_freelance_photographer_masuk_dewan_k,Bolehkah saya membawa jurugambar luar (Freelance Photographer) masuk ke dalam Dewan Konvokesyen untuk ambil gambar pentas saya?,TIDAK Dibenarkan. Hak eksklusif rakaman fotografi rasmi pentas dalam Dewan Jubli Perak (Zon Penganugerahan Tertutup) dikawal sepenuhnya oleh vendor (Fotografer Rasmi Institusi) lantikan sebut harga PUO. Jurugambar luar hanya bebas beraksi di sekitar kawasan luar (padang/taman) kampus.,Konvokesyen & Pasaran Kerja (SKPG),"membawa, jurugambar, luar, freelance, photographer, masuk, dewan, konvokesyen, ambil, gambar",,,,
75,Konvokesyen & Pasaran Kerja (SKPG),pengisian_skpg_sistem_kajian_pengesanan_graduan_memantau_gaj,Adakah pengisian SKPG (Sistem Kajian Pengesanan Graduan) memantau gaji saya?,"Ya, modul soal selidik rasmi SKPG 1.0 (sebelum konvokesyen) dan SKPG 2.0 (pasca graduasi) diwajibkan oleh KPT untuk mengutip data analitik agregat (bukan dedah identiti) mengenai tahap Gaji Permulaan Graduan (Starting Salary) bagi menilai sama ada wujud eksploitasi pekerja bawahan.",Konvokesyen & Pasaran Kerja (SKPG),"pengisian, skpg, sistem, kajian, pengesanan, graduan, memantau, gaji, kpt",,,,
76,Konvokesyen & Pasaran Kerja (SKPG),sistem_skpg_akan_bertanya_soalan_menganggur_jobless,Adakah sistem SKPG akan bertanya soalan jika saya menganggur (Jobless)?,"Ya, jika status ditandakan 'Sedang Mencari Kerja', SKPG KPT akan merekod profil kemahiran anda. Ia bagi membolehkan agensi kerajaan (seperti PERKESO/MYFutureJobs/CISEC PUO) menghantar jemputan (matching) temuduga atau program peningkatan kemahiran (Reskilling) penajaan kerajaan kepada anda.",Konvokesyen & Pasaran Kerja (SKPG),"sistem, skpg, akan, bertanya, soalan, menganggur, jobless, kpt, perkeso, cisec",,,,
77,Konvokesyen & Pasaran Kerja (SKPG),graduasi_dengan_hpnm_2_10_rendah_politeknik_membezakan_saiz,Saya graduasi dengan HPNM 2.10 (rendah). Adakah politeknik membezakan saiz/warna Sijil Diploma saya dengan pelajar Dekan (3.80)?,"Sama Sisi (No Discrimination). Sijil Diploma MQA/Politeknik dicetak dengan format fizikal, warna, dan saiz bingkai korporat yang Seratus Peratus (100%) sama untuk semua klasifikasi gred lulus. Hanya teks catatan gred pada Transkrip Akademik membezakan nilai kualiti skor.",Konvokesyen & Pasaran Kerja (SKPG),"graduasi, dengan, hpnm, rendah, politeknik, membezakan, saiz, warna, sijil, diploma",,,,
78,Konvokesyen & Pasaran Kerja (SKPG),graduan_mendaftar_masuk_konvokesyen_rambut_palsu_rambut_bewa,Bolehkah graduan mendaftar masuk Konvokesyen jika rambut palsu/rambut bewarna disembunyikan di bawah 'Mortar Board'?,"Pegawai protokol (Urus Setia Konvo) menjalankan taklimat kawalan ketat di pintu beratur (Marshaling Area). Graduan lelaki MESTI berambut pendek asli, manakala bagi wanita dilarang mewarnakan rambut melampau (terang). Pelanggaran sahsiah penampilan akan menghalang graduan dari berarak masuk pentas.",Konvokesyen & Pasaran Kerja (SKPG),"graduan, mendaftar, masuk, konvokesyen, rambut, palsu, bewarna, disembunyikan, bawah, mortar",,,,
79,Konvokesyen & Pasaran Kerja (SKPG),selepas_5_tahun_konvokesyen_baru_sedar_tak_pernah_tuntut_sij,"Selepas 5 tahun Konvokesyen, baru saya sedar saya tak pernah tuntut Sijil Diploma saya di Pejabat PUO. Masih ada lagi ke?",Masih wujud. Dokumen rasmi cetakan Sijil (Skrol Asal) yang tidak dituntut akan terus disimpan utuh dengan selamat dalam rekod peti simpanan bilik kebal Pejabat Peperiksaan Institusi sehingga bila-bila. Alumni boleh kembali menuntut dengan bayaran denda pengurusan yang mungkin telah berubah.,Konvokesyen & Pasaran Kerja (SKPG),"selepas, tahun, konvokesyen, baru, sedar, tak, pernah, tuntut, sijil, diploma",,,,
80,Konvokesyen & Pasaran Kerja (SKPG),majlis_graduasi_politeknik_diiktiraf_memohon_visa_pekerja_as,Adakah majlis graduasi Politeknik diiktiraf jika saya memohon Visa Pekerja Asing (Skilled Worker) di negara maju (contoh: Australia)?,"Sijil (Diploma JPPKK) di bawah perbadanan PUO mendapat naungan (Accreditation) rasmi MQA dan diiktiraf sah oleh Kementerian Luar Negeri. Oleh itu, dokumen transkrip terjemahan bahasa antarabangsa MQA adalah sah laku (Valid Educational Credential) untuk menyokong permohonan mata merit imigresen (Skilled Visa) buruh profesional antarabangsa.",Konvokesyen & Pasaran Kerja (SKPG),"majlis, graduasi, politeknik, diiktiraf, memohon, visa, pekerja, asing, skilled, worker",,,,
