id,main_topic,intent,question,answer,category,keywords
1,Singkatan PUO,singkatan_jhep,Apakah maksud JHEP?,JHEP ialah singkatan bagi Jabatan Hal Ehwal Pelajar.,Singkatan,"jhep, hal ehwal pelajar, hep, singkatan, maksud"
2,Singkatan PUO,singkatan_jskk,Apakah maksud JSKK dan apakah fungsinya?,"JSKK ialah singkatan bagi Jabatan Sukan, Kokurikulum dan Kebudayaan. Fungsinya: menguruskan kemudahan sukan, menganjurkan pertandingan sukan dan melatih atlet pelajar; mengawal selia aktiviti kokurikulum berkredit, badan beruniform dan kelab pelajar; serta mempromosikan seni, muzik tradisional, tarian dan persembahan kebudayaan dalam kalangan pelajar.",Singkatan,"jskk, sukan, kokurikulum, kebudayaan, koko, atlet, singkatan"
3,Singkatan PUO,singkatan_jtmk,Apakah maksud JTMK?,JTMK ialah singkatan bagi Jabatan Teknologi Maklumat dan Komunikasi.,Singkatan,"jtmk, teknologi maklumat, it, singkatan, maksud, jabatan"
4,Singkatan PUO,singkatan_jke,Apakah maksud JKE?,JKE ialah singkatan bagi Jabatan Kejuruteraan Elektrik.,Singkatan,"jke, elektrik, singkatan, maksud, jabatan"
5,Singkatan PUO,singkatan_jka,Apakah maksud JKA?,JKA ialah singkatan bagi Jabatan Kejuruteraan Awam.,Singkatan,"jka, awam, singkatan, maksud, jabatan"
6,Singkatan PUO,singkatan_jkm,Apakah maksud JKM?,JKM ialah singkatan bagi Jabatan Kejuruteraan Mekanikal.,Singkatan,"jkm, mekanikal, singkatan, maksud, jabatan"
7,Singkatan PUO,singkatan_jkp,Apakah maksud JKP?,JKP ialah singkatan bagi Jabatan Kejuruteraan Perkapalan.,Singkatan,"jkp, perkapalan, marin, singkatan, maksud, jabatan"
8,Singkatan PUO,singkatan_jp,Apakah maksud JP?,JP ialah singkatan bagi Jabatan Perdagangan.,Singkatan,"jp, perdagangan, commerce, singkatan, maksud, jabatan"
9,Singkatan PUO,senarai_singkatan,Apakah singkatan jabatan yang biasa digunakan di PUO?,"Singkatan jabatan di PUO: JHEP – Jabatan Hal Ehwal Pelajar; JSKK – Jabatan Sukan, Kokurikulum dan Kebudayaan; JTMK – Jabatan Teknologi Maklumat dan Komunikasi; JKE – Jabatan Kejuruteraan Elektrik; JKA – Jabatan Kejuruteraan Awam; JKM – Jabatan Kejuruteraan Mekanikal; JKP – Jabatan Kejuruteraan Perkapalan; JP – Jabatan Perdagangan.",Singkatan,"singkatan, senarai singkatan, akronim, maksud, jabatan"
