main_topic,intent,question,question_ms,question_en,question_zh,question_ta
Majlis Perwakilan Pelajar (MPP) & Pilihan Raya Kampus,mpp_definition,Apakah itu Majlis Perwakilan Pelajar (MPP)?,,What is the Student Representative Council (MPP)?,什么是学生代表理事会（MPP）？,மாணவர் பிரதிநிதி மன்றம் (MPP) என்றால் என்ன?
Majlis Perwakilan Pelajar (MPP) & Pilihan Raya Kampus,mpp_objective,Apakah objektif MPP?,,What are the objectives of the MPP?,MPP的目标是什么？,MPP-இன் நோக்கங்கள் என்ன?
Majlis Perwakilan Pelajar (MPP) & Pilihan Raya Kampus,mpp_role,Apakah fungsi MPP?,,What are the functions of the MPP?,MPP的功能是什么？,MPP-இன் பணிகள் என்ன?
Majlis Perwakilan Pelajar (MPP) & Pilihan Raya Kampus,ydp_role,Siapakah Yang Dipertua MPP?,,Who is the MPP President?,MPP主席是谁？,MPP தலைவர் யார்?
Majlis Perwakilan Pelajar (MPP) & Pilihan Raya Kampus,ydp_role,Apakah tugas Yang Dipertua MPP?,,What are the duties of the MPP President?,MPP主席的职责是什么？,MPP தலைவரின் கடமைகள் என்ன?
Majlis Perwakilan Pelajar (MPP) & Pilihan Raya Kampus,nydp_role,Apakah tugas Naib Yang Dipertua I?,,What are the duties of Vice President I?,第一副主席的职责是什么？,துணைத் தலைவர் I-இன் கடமைகள் என்ன?
Majlis Perwakilan Pelajar (MPP) & Pilihan Raya Kampus,nydp_role,Apakah tugas Naib Yang Dipertua II?,,What are the duties of Vice President II?,第二副主席的职责是什么？,துணைத் தலைவர் II-இன் கடமைகள் என்ன?
Majlis Perwakilan Pelajar (MPP) & Pilihan Raya Kampus,secretary_role,Apakah tugas Setiausaha MPP?,,What are the duties of the MPP Secretary?,MPP秘书的职责是什么？,MPP செயலாளரின் கடமைகள் என்ன?
Majlis Perwakilan Pelajar (MPP) & Pilihan Raya Kampus,treasurer_role,Apakah tugas Bendahari MPP?,,What are the duties of the MPP Treasurer?,MPP财政的职责是什么？,MPP பொருளாளரின் கடமைகள் என்ன?
Majlis Perwakilan Pelajar (MPP) & Pilihan Raya Kampus,academic_exco,Apakah tugas Exco Akademik dan Inovasi?,,What are the duties of the Academic and Innovation Exco?,学术与创新理事的职责是什么？,கல்வி மற்றும் புத்தாக்க நிர்வாகக் குழு உறுப்பினரின் கடமைகள் என்ன?
Majlis Perwakilan Pelajar (MPP) & Pilihan Raya Kampus,multimedia_exco,Apakah tugas Exco Multimedia dan Penerbitan?,,What are the duties of the Multimedia and Publication Exco?,多媒体与出版理事的职责是什么？,பல்லூடகம் மற்றும் வெளியீட்டு நிர்வாகக் குழு உறுப்பினரின் கடமைகள் என்ன?
Majlis Perwakilan Pelajar (MPP) & Pilihan Raya Kampus,welfare_exco,Apakah tugas Exco Kebajikan dan Sosial?,,What are the duties of the Welfare and Social Exco?,福利与社会理事的职责是什么？,நலன் மற்றும் சமூக நிர்வாகக் குழு உறுப்பினரின் கடமைகள் என்ன?
Majlis Perwakilan Pelajar (MPP) & Pilihan Raya Kampus,sports_exco,Apakah tugas Exco Sukan dan Rekreasi?,,What are the duties of the Sports and Recreation Exco?,体育与康乐理事的职责是什么？,விளையாட்டு மற்றும் பொழுதுபோக்கு நிர்வாகக் குழு உறுப்பினரின் கடமைகள் என்ன?
Majlis Perwakilan Pelajar (MPP) & Pilihan Raya Kampus,election_definition,Apakah Pilihan Raya Kampus?,,What is the Campus Election?,什么是校园选举？,வளாகத் தேர்தல் என்றால் என்ன?
Majlis Perwakilan Pelajar (MPP) & Pilihan Raya Kampus,election_objective,Apakah objektif Pilihan Raya Kampus?,,What are the objectives of the Campus Election?,校园选举的目标是什么？,வளாகத் தேர்தலின் நோக்கங்கள் என்ன?
Majlis Perwakilan Pelajar (MPP) & Pilihan Raya Kampus,election_process,Bagaimanakah proses Pilihan Raya Kampus dijalankan?,,How is the Campus Election carried out?,校园选举是怎样进行的？,வளாகத் தேர்தல் எப்படி நடத்தப்படுகிறது?
Majlis Perwakilan Pelajar (MPP) & Pilihan Raya Kampus,nomination,Apakah penamaan calon?,,What is candidate nomination?,什么是候选人提名？,வேட்பாளர் நியமனம் என்றால் என்ன?
Majlis Perwakilan Pelajar (MPP) & Pilihan Raya Kampus,campaign,Bilakah kempen dijalankan?,,When does campaigning take place?,竞选活动什么时候进行？,பிரச்சாரம் எப்போது நடைபெறும்?
Majlis Perwakilan Pelajar (MPP) & Pilihan Raya Kampus,voting,Bagaimanakah proses pengundian dijalankan?,,How is voting carried out?,投票是怎样进行的？,வாக்களிப்பு எப்படி நடத்தப்படுகிறது?
Majlis Perwakilan Pelajar (MPP) & Pilihan Raya Kampus,result,Bilakah keputusan Pilihan Raya Kampus diumumkan?,,When are the Campus Election results announced?,校园选举结果什么时候公布？,வளாகத் தேர்தல் முடிவுகள் எப்போது அறிவிக்கப்படும்?
Majlis Perwakilan Pelajar (MPP) & Pilihan Raya Kampus,collaboration_exco,Apakah tugas Exco Kolaborasi?,,What are the duties of the Collaboration Exco?,合作理事的职责是什么？,ஒத்துழைப்பு நிர்வாகக் குழு உறுப்பினரின் கடமைகள் என்ன?
Majlis Perwakilan Pelajar (MPP) & Pilihan Raya Kampus,club_society_exco,Apakah tugas Exco Kelab dan Persatuan?,,What are the duties of the Clubs and Societies Exco?,学会与协会理事的职责是什么？,கழகங்கள் மற்றும் சங்கங்கள் நிர்வாகக் குழு உறுப்பினரின் கடமைகள் என்ன?
Majlis Perwakilan Pelajar (MPP) & Pilihan Raya Kampus,discipline_exco,Apakah tugas Exco Disiplin dan Keselamatan?,,What are the duties of the Discipline and Safety Exco?,纪律与安全理事的职责是什么？,ஒழுக்கம் மற்றும் பாதுகாப்பு நிர்வாகக் குழு உறுப்பினரின் கடமைகள் என்ன?
Majlis Perwakilan Pelajar (MPP) & Pilihan Raya Kampus,communication_exco,Apakah tugas Exco Komunikasi Korporat?,,What are the duties of the Corporate Communication Exco?,企业传讯理事的职责是什么？,நிறுவனத் தொடர்பு நிர்வாகக் குழு உறுப்பினரின் கடமைகள் என்ன?
Majlis Perwakilan Pelajar (MPP) & Pilihan Raya Kampus,spirituality_exco,Apakah tugas Exco Kerohanian dan Moral?,,What are the duties of the Spiritual and Moral Exco?,精神与道德理事的职责是什么？,ஆன்மீகம் மற்றும் ஒழுக்கநெறி நிர்வாகக் குழு உறுப்பினரின் கடமைகள் என்ன?
Majlis Perwakilan Pelajar (MPP) & Pilihan Raya Kampus,women_exco,Apakah tugas Exco Pembangunan Wanita dan Kebajikan Pelajar Kelainan Upaya?,,What are the duties of the Women's Development and Disabled Students' Welfare Exco?,妇女发展与残障学生福利理事的职责是什么？,பெண்கள் மேம்பாடு மற்றும் மாற்றுத்திறனாளி மாணவர் நலன் நிர்வாகக் குழு உறுப்பினரின் கடமைகள் என்ன?
Majlis Perwakilan Pelajar (MPP) & Pilihan Raya Kampus,offcampus_exco,Apakah tugas Exco Kediaman Luar?,,What are the duties of the Off-Campus Residence Exco?,校外住宿理事的职责是什么？,வளாகத்துக்கு வெளியே தங்குவோர் நிர்வாகக் குழு உறுப்பினரின் கடமைகள் என்ன?
Majlis Perwakilan Pelajar (MPP) & Pilihan Raya Kampus,culture_exco,Apakah tugas Exco Kebudayaan dan Warisan?,,What are the duties of the Culture and Heritage Exco?,文化与传统理事的职责是什么？,கலாச்சாரம் மற்றும் பாரம்பரிய நிர்வாகக் குழு உறுப்பினரின் கடமைகள் என்ன?
Majlis Perwakilan Pelajar (MPP) & Pilihan Raya Kampus,volunteer_exco,Apakah tugas Exco Kesukarelawanan?,,What are the duties of the Volunteerism Exco?,志愿服务理事的职责是什么？,தன்னார்வ நிர்வாகக் குழு உறுப்பினரின் கடமைகள் என்ன?
Majlis Perwakilan Pelajar (MPP) & Pilihan Raya Kampus,entrepreneur_exco,Apakah tugas Exco Keusahawanan dan Kerjaya?,,What are the duties of the Entrepreneurship and Career Exco?,创业与职业理事的职责是什么？,தொழில்முனைவு மற்றும் தொழில் நிர்வாகக் குழு உறுப்பினரின் கடமைகள் என்ன?
Majlis Perwakilan Pelajar (MPP) & Pilihan Raya Kampus,integration_exco,Apakah tugas Exco Integrasi Nasional?,,What are the duties of the National Integration Exco?,国民团结理事的职责是什么？,தேசிய ஒருமைப்பாடு நிர்வாகக் குழு உறுப்பினரின் கடமைகள் என்ன?
Majlis Perwakilan Pelajar (MPP) & Pilihan Raya Kampus,election_management,Siapakah yang menguruskan Pilihan Raya Kampus?,,Who manages the Campus Election?,谁负责管理校园选举？,வளாகத் தேர்தலை நிர்வகிப்பது யார்?
Majlis Perwakilan Pelajar (MPP) & Pilihan Raya Kampus,election_notice,Bagaimanakah maklumat Pilihan Raya Kampus diumumkan?,,How is Campus Election information announced?,校园选举的资讯如何公布？,வளாகத் தேர்தல் தகவல்கள் எப்படி அறிவிக்கப்படுகின்றன?
Majlis Perwakilan Pelajar (MPP) & Pilihan Raya Kampus,election_committee,Apakah fungsi Jawatankuasa Pilihan Raya Kampus?,,What is the role of the Campus Election Committee?,校园选举委员会的功能是什么？,வளாகத் தேர்தல் குழுவின் பணி என்ன?
Majlis Perwakilan Pelajar (MPP) & Pilihan Raya Kampus,nomination_form,Di manakah borang pencalonan boleh diperoleh?,,Where can I get the nomination form?,在哪里可以拿到提名表格？,நியமனப் படிவத்தை எங்கே பெறலாம்?
Majlis Perwakilan Pelajar (MPP) & Pilihan Raya Kampus,nomination_process,Bagaimanakah proses penamaan calon dijalankan?,,How is the candidate nomination process carried out?,候选人提名程序是怎样进行的？,வேட்பாளர் நியமன செயல்முறை எப்படி நடத்தப்படுகிறது?
Majlis Perwakilan Pelajar (MPP) & Pilihan Raya Kampus,campaign_period,Bilakah tempoh kempen dijalankan?,,When is the campaign period?,竞选期是什么时候？,பிரச்சாரக் காலம் எப்போது?
Majlis Perwakilan Pelajar (MPP) & Pilihan Raya Kampus,voting_process,Apakah tujuan proses pengundian?,,What is the purpose of the voting process?,投票程序的目的是什么？,வாக்களிப்பு செயல்முறையின் நோக்கம் என்ன?
Majlis Perwakilan Pelajar (MPP) & Pilihan Raya Kampus,vote_counting,Bagaimanakah undi dikira?,,How are the votes counted?,选票是怎样计算的？,வாக்குகள் எப்படி எண்ணப்படுகின்றன?
Majlis Perwakilan Pelajar (MPP) & Pilihan Raya Kampus,election_result,Bilakah keputusan rasmi Pilihan Raya Kampus diumumkan?,,When are the official Campus Election results announced?,校园选举正式结果什么时候公布？,வளாகத் தேர்தலின் அதிகாரப்பூர்வ முடிவுகள் எப்போது அறிவிக்கப்படும்?
Majlis Perwakilan Pelajar (MPP) & Pilihan Raya Kampus,election_schedule,Bilakah jadual Pilihan Raya Kampus diumumkan?,,When is the Campus Election schedule announced?,校园选举日程什么时候公布？,வளாகத் தேர்தல் அட்டவணை எப்போது அறிவிக்கப்படும்?
Majlis Perwakilan Pelajar (MPP) & Pilihan Raya Kampus,nomination_period,Bilakah tempoh penamaan calon diadakan?,,When is the nomination period held?,提名期是什么时候？,நியமனக் காலம் எப்போது நடைபெறும்?
Majlis Perwakilan Pelajar (MPP) & Pilihan Raya Kampus,candidate_announcement,Bilakah senarai calon diumumkan?,,When is the list of candidates announced?,候选人名单什么时候公布？,வேட்பாளர் பட்டியல் எப்போது அறிவிக்கப்படும்?
Majlis Perwakilan Pelajar (MPP) & Pilihan Raya Kampus,campaign_period,Bilakah tempoh kempen bermula?,,When does the campaign period start?,竞选期什么时候开始？,பிரச்சாரக் காலம் எப்போது தொடங்கும்?
Majlis Perwakilan Pelajar (MPP) & Pilihan Raya Kampus,campaign_guidelines,Apakah tujuan tempoh kempen?,,What is the purpose of the campaign period?,竞选期的目的是什么？,பிரச்சாரக் காலத்தின் நோக்கம் என்ன?
Majlis Perwakilan Pelajar (MPP) & Pilihan Raya Kampus,voting_day,Bilakah Hari Pengundian diadakan?,,When is Polling Day?,投票日是什么时候？,வாக்குப்பதிவு நாள் எப்போது?
Majlis Perwakilan Pelajar (MPP) & Pilihan Raya Kampus,polling_center,Di manakah pengundian dijalankan?,,Where does voting take place?,在哪里投票？,வாக்களிப்பு எங்கே நடைபெறும்?
Majlis Perwakilan Pelajar (MPP) & Pilihan Raya Kampus,voter_verification,Apakah yang dilakukan sebelum pengundi menerima kertas undi?,,What is done before a voter receives the ballot paper?,选民领取选票之前要做什么？,வாக்காளர் வாக்குச்சீட்டைப் பெறுவதற்கு முன் என்ன செய்யப்படும்?
Majlis Perwakilan Pelajar (MPP) & Pilihan Raya Kampus,ballot_paper,Apakah yang diterima oleh pengundi selepas pengesahan identiti?,,What does a voter receive after their identity is verified?,选民身份核实后会拿到什么？,அடையாளம் சரிபார்க்கப்பட்ட பிறகு வாக்காளர் எதைப் பெறுவார்?
Majlis Perwakilan Pelajar (MPP) & Pilihan Raya Kampus,secret_ballot,Bagaimanakah undi dilakukan?,,How is a vote cast?,怎样投票？,வாக்கு எப்படிச் செலுத்தப்படுகிறது?
Majlis Perwakilan Pelajar (MPP) & Pilihan Raya Kampus,election_committee,Siapakah Pengerusi Sekretariat Pilihan Raya Kampus?,,Who is the Chairman of the Campus Election Secretariat?,校园选举秘书处主席是谁？,வளாகத் தேர்தல் செயலகத் தலைவர் யார்?
Majlis Perwakilan Pelajar (MPP) & Pilihan Raya Kampus,election_committee,Apakah tugas Setiausaha Sekretariat Pilihan Raya Kampus?,,What are the duties of the Campus Election Secretariat Secretary?,校园选举秘书处秘书的职责是什么？,வளாகத் தேர்தல் செயலகச் செயலாளரின் கடமைகள் என்ன?
Majlis Perwakilan Pelajar (MPP) & Pilihan Raya Kampus,election_committee,Apakah tanggungjawab Sekretariat Pilihan Raya Kampus?,,What are the responsibilities of the Campus Election Secretariat?,校园选举秘书处的责任是什么？,வளாகத் தேர்தல் செயலகத்தின் பொறுப்புகள் என்ன?
Majlis Perwakilan Pelajar (MPP) & Pilihan Raya Kampus,candidate_eligibility,Siapakah yang layak menjadi calon MPP?,,Who is eligible to be an MPP candidate?,谁有资格成为MPP候选人？,MPP வேட்பாளராக யார் தகுதியானவர்?
Majlis Perwakilan Pelajar (MPP) & Pilihan Raya Kampus,candidate_registration,Bagaimanakah seseorang pelajar mendaftar sebagai calon?,,How does a student register as a candidate?,学生如何登记成为候选人？,மாணவர் எப்படி வேட்பாளராகப் பதிவு செய்வது?
Majlis Perwakilan Pelajar (MPP) & Pilihan Raya Kampus,candidate_verification,Siapakah yang menyemak pencalonan calon?,,Who checks the candidates' nominations?,谁审查候选人的提名？,வேட்பாளர் நியமனங்களைச் சரிபார்ப்பது யார்?
Majlis Perwakilan Pelajar (MPP) & Pilihan Raya Kampus,campaign_ethics,Adakah calon perlu mematuhi etika kempen?,,Do candidates have to follow campaign ethics?,候选人需要遵守竞选道德吗？,வேட்பாளர்கள் பிரச்சார நெறிமுறைகளைப் பின்பற்ற வேண்டுமா?
Majlis Perwakilan Pelajar (MPP) & Pilihan Raya Kampus,candidate_manifesto,Apakah manifesto calon?,,What is a candidate's manifesto?,什么是候选人宣言？,வேட்பாளரின் தேர்தல் அறிக்கை என்றால் என்ன?
Majlis Perwakilan Pelajar (MPP) & Pilihan Raya Kampus,uncontested_candidate,Bilakah seseorang calon dianggap menang tanpa bertanding?,,When is a candidate considered to have won uncontested?,候选人在什么情况下算是不战而胜？,வேட்பாளர் போட்டியின்றி வெற்றி பெற்றதாக எப்போது கருதப்படுவார்?
Majlis Perwakilan Pelajar (MPP) & Pilihan Raya Kampus,election_fairness,Mengapakah Pilihan Raya Kampus perlu dijalankan secara adil dan telus?,,Why must the Campus Election be fair and transparent?,为什么校园选举必须公平透明？,வளாகத் தேர்தல் ஏன் நியாயமாகவும் வெளிப்படையாகவும் நடத்தப்பட வேண்டும்?
Majlis Perwakilan Pelajar (MPP) & Pilihan Raya Kampus,voter_eligibility,Siapakah yang layak menjadi pengundi?,,Who is eligible to vote?,谁有资格投票？,யார் வாக்களிக்கத் தகுதியானவர்?
Majlis Perwakilan Pelajar (MPP) & Pilihan Raya Kampus,voter_eligibility,Adakah pelajar aktif layak mengundi?,,Are active students eligible to vote?,在籍学生有资格投票吗？,செயலில் உள்ள மாணவர்கள் வாக்களிக்கத் தகுதியானவர்களா?
Majlis Perwakilan Pelajar (MPP) & Pilihan Raya Kampus,voter_eligibility,Adakah pelajar aktif mengulang layak mengundi?,,Are active students who are repeating eligible to vote?,重读的在籍学生有资格投票吗？,மீண்டும் படிக்கும் செயலில் உள்ள மாணவர்கள் வாக்களிக்கத் தகுதியானவர்களா?
Majlis Perwakilan Pelajar (MPP) & Pilihan Raya Kampus,voter_eligibility,Adakah pelajar Latihan Industri layak mengundi?,,Are Industrial Training students eligible to vote?,工业实习学生有资格投票吗？,தொழில்துறைப் பயிற்சி மாணவர்கள் வாக்களிக்கத் தகுதியானவர்களா?
Majlis Perwakilan Pelajar (MPP) & Pilihan Raya Kampus,voter_eligibility,Adakah pelajar Work-Based Learning (WBL) layak mengundi?,,Are Work-Based Learning (WBL) students eligible to vote?,工作本位学习（WBL）学生有资格投票吗？,Work-Based Learning (WBL) மாணவர்கள் வாக்களிக்கத் தகுதியானவர்களா?
Majlis Perwakilan Pelajar (MPP) & Pilihan Raya Kampus,candidate_rights,Apakah hak seseorang calon semasa pengiraan undi?,,What are a candidate's rights during vote counting?,计票时候选人有什么权利？,வாக்கு எண்ணிக்கையின்போது வேட்பாளரின் உரிமைகள் என்ன?
Majlis Perwakilan Pelajar (MPP) & Pilihan Raya Kampus,candidate_rights,Bagaimanakah calon membuat aduan semasa pengiraan undi?,,How does a candidate make a complaint during vote counting?,计票时候选人如何投诉？,வாக்கு எண்ணிக்கையின்போது வேட்பாளர் எப்படிப் புகார் செய்வது?
Majlis Perwakilan Pelajar (MPP) & Pilihan Raya Kampus,voting_method,Apakah kaedah pengundian yang digunakan?,,What voting method is used?,使用什么投票方式？,எந்த வாக்களிப்பு முறை பயன்படுத்தப்படுகிறது?
Majlis Perwakilan Pelajar (MPP) & Pilihan Raya Kampus,manual_voting,Di manakah peti undi diletakkan semasa pengundian manual?,,Where is the ballot box placed during manual voting?,人工投票时票箱放在哪里？,கைமுறை வாக்களிப்பின்போது வாக்குப்பெட்டி எங்கே வைக்கப்படும்?
Majlis Perwakilan Pelajar (MPP) & Pilihan Raya Kampus,manual_voting,Apakah yang perlu ditunjukkan oleh pengundi sebelum mengundi?,,What must voters show before voting?,选民投票前需要出示什么？,வாக்களிப்பதற்கு முன் வாக்காளர்கள் எதைக் காட்ட வேண்டும்?
Majlis Perwakilan Pelajar (MPP) & Pilihan Raya Kampus,manual_voting,Berapakah kertas undi yang diberikan kepada pengundi?,,How many ballot papers are given to a voter?,每位选民会拿到几张选票？,ஒரு வாக்காளருக்கு எத்தனை வாக்குச்சீட்டுகள் வழங்கப்படும்?
Majlis Perwakilan Pelajar (MPP) & Pilihan Raya Kampus,manual_voting,Bagaimanakah pengundi menandakan undi?,,How does a voter mark their vote?,选民怎样在选票上做记号？,வாக்காளர் தன் வாக்கை எப்படிக் குறிப்பார்?
Majlis Perwakilan Pelajar (MPP) & Pilihan Raya Kampus,system_voting,Apakah langkah pertama dalam pengundian secara sistem?,,What is the first step in system-based voting?,系统投票的第一步是什么？,முறைமை அடிப்படையிலான வாக்களிப்பின் முதல் படி என்ன?
Majlis Perwakilan Pelajar (MPP) & Pilihan Raya Kampus,system_voting,Apakah yang dilakukan selepas identiti pengundi disahkan?,,What happens after the voter's identity is verified?,选民身份核实后接下来做什么？,வாக்காளரின் அடையாளம் சரிபார்க்கப்பட்ட பிறகு என்ன நடக்கும்?
Majlis Perwakilan Pelajar (MPP) & Pilihan Raya Kampus,system_voting,Apakah ciri sistem pengundian yang digunakan?,,What are the features of the voting system used?,所用的投票系统有什么特点？,பயன்படுத்தப்படும் வாக்களிப்பு முறைமையின் அம்சங்கள் என்ன?
Majlis Perwakilan Pelajar (MPP) & Pilihan Raya Kampus,voting_statistics,Siapakah Ketua Tempat Mengundi di jabatan?,,Who is the Head of the Polling Station in a department?,系里的投票站主任是谁？,துறையில் வாக்குச்சாவடித் தலைவர் யார்?
Majlis Perwakilan Pelajar (MPP) & Pilihan Raya Kampus,voting_statistics,Apakah tugas Ketua Tempat Mengundi selepas pusat mengundi ditutup?,,What does the Head of the Polling Station do after the polling centre closes?,投票中心关闭后投票站主任要做什么？,வாக்குச்சாவடி மூடப்பட்ட பிறகு வாக்குச்சாவடித் தலைவர் என்ன செய்வார்?
Majlis Perwakilan Pelajar (MPP) & Pilihan Raya Kampus,voting_statistics,Apakah statistik yang perlu dikira oleh Ketua Tempat Mengundi?,,What statistics must the Head of the Polling Station calculate?,投票站主任需要计算哪些统计数据？,வாக்குச்சாவடித் தலைவர் எந்தப் புள்ளிவிவரங்களைக் கணக்கிட வேண்டும்?
Majlis Perwakilan Pelajar (MPP) & Pilihan Raya Kampus,voting_statistics,Siapakah yang mengesahkan statistik mengundi?,,Who verifies the voting statistics?,谁核实投票统计数据？,வாக்களிப்புப் புள்ளிவிவரங்களைச் சரிபார்ப்பது யார்?
Majlis Perwakilan Pelajar (MPP) & Pilihan Raya Kampus,voting_statistics,Mengapakah statistik mengundi dipantau?,,Why are voting statistics monitored?,为什么要监察投票统计数据？,வாக்களிப்புப் புள்ளிவிவரங்கள் ஏன் கண்காணிக்கப்படுகின்றன?
Majlis Perwakilan Pelajar (MPP) & Pilihan Raya Kampus,campaign_rules,Apakah peraturan asas semasa tempoh kempen?,,What are the basic rules during the campaign period?,竞选期间有哪些基本规则？,பிரச்சாரக் காலத்தின் அடிப்படை விதிகள் என்ன?
Majlis Perwakilan Pelajar (MPP) & Pilihan Raya Kampus,campaign_restrictions,Bilakah kempen perlu dihentikan?,,When must campaigning stop?,竞选活动什么时候必须停止？,பிரச்சாரம் எப்போது நிறுத்தப்பட வேண்டும்?
Majlis Perwakilan Pelajar (MPP) & Pilihan Raya Kampus,polling_station,Siapakah yang dibenarkan berada di tempat mengundi?,,Who is allowed to be at the polling station?,谁可以待在投票站？,வாக்குச்சாவடியில் இருக்க யாருக்கு அனுமதி உண்டு?
Majlis Perwakilan Pelajar (MPP) & Pilihan Raya Kampus,polling_station,Apakah tugas Ketua Tempat Mengundi?,,What are the duties of the Head of the Polling Station?,投票站主任的职责是什么？,வாக்குச்சாவடித் தலைவரின் கடமைகள் என்ன?
Majlis Perwakilan Pelajar (MPP) & Pilihan Raya Kampus,polling_station,Bilakah pusat mengundi dibuka?,,When does the polling centre open?,投票中心什么时候开放？,வாக்குச்சாவடி எப்போது திறக்கப்படும்?
Majlis Perwakilan Pelajar (MPP) & Pilihan Raya Kampus,polling_station,Bilakah pusat mengundi ditutup?,,When does the polling centre close?,投票中心什么时候关闭？,வாக்குச்சாவடி எப்போது மூடப்படும்?
Majlis Perwakilan Pelajar (MPP) & Pilihan Raya Kampus,vote_counting,Bilakah proses pengiraan undi dimulakan?,,When does the vote counting start?,什么时候开始计票？,வாக்கு எண்ணிக்கை எப்போது தொடங்கும்?
Majlis Perwakilan Pelajar (MPP) & Pilihan Raya Kampus,vote_counting,Siapakah yang mengendalikan pengiraan undi?,,Who handles the vote counting?,谁负责计票？,வாக்கு எண்ணிக்கையை நடத்துவது யார்?
Majlis Perwakilan Pelajar (MPP) & Pilihan Raya Kampus,doubtful_votes,Apakah yang dimaksudkan dengan undi ragu?,,What is meant by a doubtful vote?,什么是可疑选票？,சந்தேகத்துக்குரிய வாக்கு என்றால் என்ன?
Majlis Perwakilan Pelajar (MPP) & Pilihan Raya Kampus,rejected_votes,Bilakah sesuatu kertas undi dianggap rosak atau ditolak?,,When is a ballot paper considered spoilt or rejected?,选票在什么情况下算作废票？,வாக்குச்சீட்டு எப்போது செல்லாததாக அல்லது நிராகரிக்கப்பட்டதாகக் கருதப்படும்?
Majlis Perwakilan Pelajar (MPP) & Pilihan Raya Kampus,recount,Bilakah pengiraan semula undi boleh dilakukan?,,When can a recount be done?,什么时候可以重新计票？,மறு எண்ணிக்கை எப்போது செய்யப்படலாம்?
Majlis Perwakilan Pelajar (MPP) & Pilihan Raya Kampus,election_result,Siapakah yang mengesahkan keputusan pilihan raya?,,Who confirms the election results?,谁确认选举结果？,தேர்தல் முடிவுகளை உறுதிப்படுத்துவது யார்?
Majlis Perwakilan Pelajar (MPP) & Pilihan Raya Kampus,election_result,Bagaimanakah keputusan pilihan raya diumumkan?,,How are the election results announced?,选举结果如何公布？,தேர்தல் முடிவுகள் எப்படி அறிவிக்கப்படுகின்றன?
Majlis Perwakilan Pelajar (MPP) & Pilihan Raya Kampus,appointment,Bilakah wakil pelajar yang menang dilantik sebagai MPP?,,When are the winning student representatives appointed to the MPP?,当选的学生代表什么时候被委任为MPP？,வெற்றி பெற்ற மாணவர் பிரதிநிதிகள் எப்போது MPP-ஆக நியமிக்கப்படுவார்கள்?
Majlis Perwakilan Pelajar (MPP) & Pilihan Raya Kampus,leadership_course,Adakah ahli MPP mengikuti kursus kepimpinan?,,Do MPP members attend a leadership course?,MPP成员需要参加领导力课程吗？,MPP உறுப்பினர்கள் தலைமைத்துவப் பயிற்சியில் பங்கேற்பார்களா?
Majlis Perwakilan Pelajar (MPP) & Pilihan Raya Kampus,election_report,Siapakah yang menyediakan laporan pilihan raya?,,Who prepares the election report?,谁准备选举报告？,தேர்தல் அறிக்கையைத் தயாரிப்பது யார்?
Majlis Perwakilan Pelajar (MPP) & Pilihan Raya Kampus,document_record,Mengapakah rekod pilihan raya perlu disimpan?,,Why must election records be kept?,为什么要保存选举记录？,தேர்தல் பதிவுகள் ஏன் வைத்திருக்கப்பட வேண்டும்?
Majlis Perwakilan Pelajar (MPP) & Pilihan Raya Kampus,mpp_responsibility,Apakah tanggungjawab MPP selepas dipilih?,,What are the MPP's responsibilities after being elected?,MPP当选后有什么责任？,தேர்ந்தெடுக்கப்பட்ட பிறகு MPP-இன் பொறுப்புகள் என்ன?
Majlis Perwakilan Pelajar (MPP) & Pilihan Raya Kampus,student_engagement,Bagaimanakah pelajar boleh mendapatkan bantuan daripada MPP?,,How can students get help from the MPP?,学生如何向MPP寻求帮助？,மாணவர்கள் MPP-யிடமிருந்து எப்படி உதவி பெறலாம்?
Majlis Perwakilan Pelajar (MPP) & Pilihan Raya Kampus,mpp_collaboration,Bagaimanakah MPP bekerjasama dengan pihak pengurusan politeknik?,,How does the MPP work with the polytechnic management?,MPP如何与理工学院管理层合作？,MPP பாலிடெக்னிக் நிர்வாகத்துடன் எப்படி இணைந்து செயல்படுகிறது?
Borang Permohonan Penangguhan Pengajian,defer_definition,Apakah borang ini?,,What is the study deferment form?,什么是延期学习申请表？,படிப்பு ஒத்திவைப்புப் படிவம் என்றால் என்ன?
Borang Permohonan Penangguhan Pengajian,application_period,Bilakah permohonan penangguhan boleh dibuat?,,When can I apply to defer my studies?,什么时候可以申请延期学习？,படிப்பை ஒத்திவைக்க எப்போது விண்ணப்பிக்கலாம்?
Borang Permohonan Penangguhan Pengajian,required_documents,Apakah yang perlu disertakan bersama borang?,,What must be attached with the deferment form?,延期申请表需要附上什么？,ஒத்திவைப்புப் படிவத்துடன் எதை இணைக்க வேண்டும்?
Borang Permohonan Penangguhan Pengajian,supporting_documents,Apakah contoh dokumen sokongan?,,What are examples of supporting documents for deferment?,延期申请的证明文件有哪些例子？,ஒத்திவைப்புக்கான ஆதார ஆவணங்களுக்கு உதாரணங்கள் என்ன?
Borang Permohonan Penangguhan Pengajian,class_attendance,Adakah pelajar perlu hadir kuliah semasa menunggu keputusan?,,Do I need to attend lectures while waiting for the deferment decision?,等待延期结果期间需要上课吗？,ஒத்திவைப்பு முடிவுக்காகக் காத்திருக்கும்போது விரிவுரைகளுக்குச் செல்ல வேண்டுமா?
Borang Permohonan Penangguhan Pengajian,form_source,Di manakah borang penangguhan boleh diperoleh?,,Where can I get the deferment form?,在哪里可以拿到延期申请表？,ஒத்திவைப்புப் படிவத்தை எங்கே பெறலாம்?
Borang Permohonan Penangguhan Pengajian,student_information,Apakah maklumat pelajar yang perlu diisi?,,What student information must be filled in on the deferment form?,延期申请表需要填写哪些学生资料？,ஒத்திவைப்புப் படிவத்தில் என்ன மாணவர் தகவல்களை நிரப்ப வேண்டும்?
Borang Permohonan Penangguhan Pengajian,defer_session,Apakah maklumat penangguhan yang perlu diisi?,,What deferment details must be filled in?,需要填写哪些延期资料？,என்ன ஒத்திவைப்பு விவரங்களை நிரப்ப வேண்டும்?
Borang Permohonan Penangguhan Pengajian,reason_defer,Adakah sebab penangguhan perlu dinyatakan?,,Do I need to state the reason for deferment?,需要说明延期的原因吗？,ஒத்திவைப்புக்கான காரணத்தைக் குறிப்பிட வேண்டுமா?
Borang Permohonan Penangguhan Pengajian,scholarship,Adakah borang mempunyai ruangan pinjaman atau biasiswa?,,Does the deferment form have a section for loans or scholarships?,延期申请表有贷款或奖学金的栏位吗？,ஒத்திவைப்புப் படிவத்தில் கடன் அல்லது உதவித்தொகைப் பகுதி உள்ளதா?
Borang Permohonan Penangguhan Pengajian,hostel_verification,Siapakah yang perlu mendapatkan pengesahan Penyelia Asrama?,,Who needs to get the Hostel Supervisor's confirmation for deferment?,谁需要获得宿舍管理员的确认（延期）？,ஒத்திவைப்புக்கு விடுதி மேற்பார்வையாளரின் உறுதிப்படுத்தல் யாருக்குத் தேவை?
Borang Permohonan Penangguhan Pengajian,hostel_information,Apakah maklumat yang diisi oleh Penyelia Asrama?,,What does the Hostel Supervisor fill in on the deferment form?,宿舍管理员在延期申请表上填写什么？,ஒத்திவைப்புப் படிவத்தில் விடுதி மேற்பார்வையாளர் எதை நிரப்புவார்?
Borang Permohonan Penangguhan Pengajian,academic_advisor,Siapakah yang memberikan ulasan akademik?,,Who gives the academic review for deferment?,谁给予延期申请的学术评语？,ஒத்திவைப்புக்கான கல்வி மதிப்புரையை வழங்குவது யார்?
Borang Permohonan Penangguhan Pengajian,academic_support,Siapakah yang memberikan sokongan akademik?,,Who gives academic support for deferment?,谁给予延期申请的学术支持？,ஒத்திவைப்புக்கான கல்வி ஆதரவை வழங்குவது யார்?
Borang Permohonan Penangguhan Pengajian,hep_support,Siapakah yang memberikan sokongan Hal Ehwal Pelajar?,,Who gives Student Affairs support for deferment?,谁给予延期申请的学生事务支持？,ஒத்திவைப்புக்கான மாணவர் விவகார ஆதரவை வழங்குவது யார்?
Borang Permohonan Penangguhan Pengajian,approval,Siapakah yang meluluskan permohonan penangguhan?,,Who approves the deferment application?,谁批准延期申请？,ஒத்திவைப்பு விண்ணப்பத்தை அங்கீகரிப்பது யார்?
Borang Permohonan Penangguhan Pengajian,approval_status,Apakah keputusan yang boleh diberikan oleh Pengarah?,,What decisions can the Director give on deferment?,院长对延期申请可以做出什么决定？,ஒத்திவைப்பு குறித்து இயக்குநர் என்ன முடிவுகளை வழங்கலாம்?
Borang Permohonan Penangguhan Pengajian,application_flow,Apakah langkah pertama proses penangguhan pengajian?,,What is the first step in the study deferment process?,延期学习程序的第一步是什么？,படிப்பு ஒத்திவைப்பு செயல்முறையின் முதல் படி என்ன?
Borang Permohonan Penangguhan Pengajian,application_flow,Apakah langkah terakhir dalam proses penangguhan?,,What is the last step in the deferment process?,延期程序的最后一步是什么？,ஒத்திவைப்பு செயல்முறையின் கடைசி படி என்ன?
Borang Permohonan Penangguhan Pengajian,official_letter,Bilakah surat rasmi keputusan dikeluarkan?,,When is the official deferment decision letter issued?,延期结果的正式信函什么时候发出？,ஒத்திவைப்பு முடிவு குறித்த அதிகாரப்பூர்வக் கடிதம் எப்போது வழங்கப்படும்?
Peraturan Pakaian (Rupadiri) Pelajar,dress_code_reference,Dokumen ini merujuk kepada buku panduan yang mana?,,Which handbook does the dress code refer to?,服装规定参考的是哪本手册？,ஆடை விதிமுறை எந்தக் கையேட்டைக் குறிக்கிறது?
Peraturan Pakaian (Rupadiri) Pelajar,islamic_dress,Apakah syarat pakaian bagi pelajar Islam?,,What is the dress code for Muslim students?,穆斯林学生的服装规定是什么？,முஸ்லிம் மாணவர்களுக்கான ஆடை விதிமுறை என்ன?
Peraturan Pakaian (Rupadiri) Pelajar,jeans_prohibition,Adakah pelajar dibenarkan memakai seluar jeans?,,Are students allowed to wear jeans?,学生可以穿牛仔裤吗？,மாணவர்கள் ஜீன்ஸ் அணியலாமா?
Peraturan Pakaian (Rupadiri) Pelajar,jeans_like_slacks,Adakah seluar slack yang menyerupai jeans dibenarkan?,,Are slacks that look like jeans allowed?,像牛仔裤的西裤可以穿吗？,ஜீன்ஸ் போலத் தோன்றும் ஸ்லாக்ஸ் அனுமதிக்கப்படுகிறதா?
Peraturan Pakaian (Rupadiri) Pelajar,dress_penalty,Apakah tindakan terhadap pelajar yang melanggar peraturan ini?,,What action is taken against students who break the dress code?,违反服装规定的学生会受到什么处分？,ஆடை விதிமுறையை மீறும் மாணவர்கள் மீது என்ன நடவடிக்கை எடுக்கப்படும்?
Peraturan Pakaian (Rupadiri) Pelajar,male_attire,"Apakah jenis baju yang dibenarkan ke kelas, bengkel atau makmal?",,"What kind of shirts are allowed in class, workshops or labs?",上课、工场或实验室可以穿什么上衣？,"வகுப்பு, பட்டறை அல்லது ஆய்வகத்துக்கு எந்த வகைச் சட்டைகள் அனுமதிக்கப்படுகின்றன?"
Peraturan Pakaian (Rupadiri) Pelajar,collared_tshirt,Adakah baju-T berkolar dibenarkan?,,Are collared T-shirts allowed?,有领T恤可以穿吗？,காலர் உள்ள டி-சட்டைகள் அனுமதிக்கப்படுகிறதா?
Peraturan Pakaian (Rupadiri) Pelajar,non_collared_tshirt,Adakah baju-T tidak berkolar dibenarkan?,,Are collarless T-shirts allowed?,无领T恤可以穿吗？,காலர் இல்லாத டி-சட்டைகள் அனுமதிக்கப்படுகிறதா?
Peraturan Pakaian (Rupadiri) Pelajar,offensive_prints,Apakah jenis tulisan atau gambar yang tidak dibenarkan pada baju-T?,,What words or pictures are not allowed on T-shirts?,T恤上不可以有什么字或图案？,டி-சட்டைகளில் எந்த எழுத்துகள் அல்லது படங்கள் அனுமதிக்கப்படவில்லை?
Peraturan Pakaian (Rupadiri) Pelajar,tuck_in,Bagaimanakah cara memakai baju ke kelas?,,How should shirts be worn to class?,上课时上衣应该怎么穿？,வகுப்புக்குச் சட்டையை எப்படி அணிய வேண்டும்?
Peraturan Pakaian (Rupadiri) Pelajar,shirt_buttons,Bagaimanakah keadaan butang baju?,,How should shirt buttons be?,上衣的纽扣要怎样？,சட்டைப் பொத்தான்கள் எப்படி இருக்க வேண்டும்?
Peraturan Pakaian (Rupadiri) Pelajar,national_attire,Adakah baju kebangsaan dibenarkan?,,Is national dress allowed?,可以穿国服吗？,தேசிய உடை அனுமதிக்கப்படுகிறதா?
Peraturan Pakaian (Rupadiri) Pelajar,slack_requirement,Apakah jenis seluar yang dibenarkan?,,What kind of trousers are allowed?,可以穿什么裤子？,எந்த வகைக் கால்சட்டைகள் அனுமதிக்கப்படுகின்றன?
Peraturan Pakaian (Rupadiri) Pelajar,jeans_style,Adakah seluar yang menyerupai jeans dibenarkan?,,Are trousers that look like jeans allowed?,像牛仔裤的裤子可以穿吗？,ஜீன்ஸ் போலத் தோன்றும் கால்சட்டைகள் அனுமதிக்கப்படுகிறதா?
Peraturan Pakaian (Rupadiri) Pelajar,footwear,Apakah kasut yang perlu dipakai?,,What shoes must be worn?,必须穿什么鞋子？,எந்தக் காலணிகளை அணிய வேண்டும்?
Peraturan Pakaian (Rupadiri) Pelajar,slippers,Adakah selipar dibenarkan?,,Are slippers allowed?,可以穿拖鞋吗？,செருப்புகள் அனுமதிக்கப்படுகிறதா?
Peraturan Pakaian (Rupadiri) Pelajar,sandals,Adakah terompah atau capal dibenarkan?,,Are clogs or sandals (capal) allowed?,可以穿木屐或凉鞋（capal）吗？,மரச்செருப்பு அல்லது சப்பல் (capal) அனுமதிக்கப்படுகிறதா?
Peraturan Pakaian (Rupadiri) Pelajar,accessories,Adakah pelajar dibenarkan memakai perhiasan?,,Are students allowed to wear jewellery?,学生可以戴饰物吗？,மாணவர்கள் அணிகலன்கள் அணியலாமா?
Peraturan Pakaian (Rupadiri) Pelajar,workshop_attire,Peraturan pakaian ini terpakai untuk ke mana?,,Where does the dress code apply?,服装规定适用于哪些场合？,ஆடை விதிமுறை எங்கெல்லாம் பொருந்தும்?
Peraturan Pakaian (Rupadiri) Pelajar,maximum_fine,Berapakah jumlah maksimum denda yang boleh dikenakan?,,What is the maximum fine for breaking the dress code?,违反服装规定最高罚款多少？,ஆடை விதிமுறையை மீறினால் அதிகபட்ச அபராதம் எவ்வளவு?
Proses Pertukaran Program,program_transfer_definition,Apakah dokumen ini?,,What is the programme transfer document?,什么是转换课程文件？,திட்ட மாற்ற ஆவணம் என்றால் என்ன?
Proses Pertukaran Program,semester1_transfer,Adakah pelajar Semester 1 dibenarkan bertukar program?,,Are Semester 1 students allowed to change programmes?,第一学期学生可以转课程吗？,முதல் பருவ மாணவர்கள் திட்டத்தை மாற்றலாமா?
Proses Pertukaran Program,eligible_semester,Siapakah yang dibenarkan memohon pertukaran program?,,Who is allowed to apply for a programme transfer?,谁可以申请转换课程？,திட்ட மாற்றத்துக்கு விண்ணப்பிக்க யாருக்கு அனுமதி உண்டு?
Proses Pertukaran Program,application_period,Bilakah permohonan pertukaran program boleh dibuat?,,When can I apply for a programme transfer?,什么时候可以申请转换课程？,திட்ட மாற்றத்துக்கு எப்போது விண்ணப்பிக்கலாம்?
Proses Pertukaran Program,late_application,Bagaimana jika permohonan dibuat selepas minggu ke-10?,,What if the programme transfer application is made after week 10?,如果在第10周后才申请转换课程怎么办？,10-ஆவது வாரத்துக்குப் பிறகு திட்ட மாற்ற விண்ணப்பம் செய்தால் என்ன ஆகும்?
Proses Pertukaran Program,gb_status,Apakah yang berlaku jika pelajar mendapat status Gagal dan Diberhentikan (GB)?,,What happens if a student gets Failed and Dismissed (GB) status?,如果学生被判“不及格并被开除”（GB）会怎样？,"மாணவர் ""தோல்வி மற்றும் நீக்கம்"" (GB) நிலையைப் பெற்றால் என்ன நடக்கும்?"
Proses Pertukaran Program,hep_officer,Siapakah yang perlu ditemui sebelum memohon pertukaran program?,,Who should I meet before applying for a programme transfer?,申请转换课程前要见谁？,திட்ட மாற்றத்துக்கு விண்ணப்பிக்கும் முன் யாரைச் சந்திக்க வேண்டும்?
Proses Pertukaran Program,transfer_form,Mengapa pelajar perlu berjumpa Pegawai Hal Ehwal Pelajar?,,Why do students need to meet the Student Affairs Officer?,为什么学生需要见学生事务官员？,மாணவர்கள் ஏன் மாணவர் விவகார அலுவலரைச் சந்திக்க வேண்டும்?
Proses Pertukaran Program,required_documents,Apakah dokumen yang perlu dibawa ke Jabatan Hal Ehwal Pelajar?,,What documents must be brought to the Student Affairs Department?,需要带什么文件到学生事务处？,மாணவர் விவகாரத் துறைக்கு என்ன ஆவணங்களைக் கொண்டு வர வேண்டும்?
Proses Pertukaran Program,official_letter,Adakah surat rasmi diperlukan?,,Is an official letter required for a programme transfer?,转换课程需要正式信函吗？,திட்ட மாற்றத்துக்கு அதிகாரப்பூர்வக் கடிதம் தேவையா?
Proses Pertukaran Program,spm_result,Adakah slip keputusan SPM diperlukan?,,Is the SPM result slip required?,需要SPM成绩单吗？,SPM முடிவுச் சீட்டு தேவையா?
Proses Pertukaran Program,exam_result,Adakah slip keputusan peperiksaan diperlukan?,,Is the examination result slip required?,需要考试成绩单吗？,தேர்வு முடிவுச் சீட்டு தேவையா?
Proses Pertukaran Program,fill_form,Apakah langkah selepas hadir ke Jabatan Hal Ehwal Pelajar?,,What is the next step after going to the Student Affairs Department?,去学生事务处之后下一步是什么？,மாணவர் விவகாரத் துறைக்குச் சென்ற பிறகு அடுத்த படி என்ன?
Proses Pertukaran Program,advisor_review,Siapakah yang memberikan ulasan akademik?,,Who gives the academic review for a programme transfer?,谁给予转换课程的学术评语？,திட்ட மாற்றத்துக்கான கல்வி மதிப்புரையை வழங்குவது யார்?
Proses Pertukaran Program,scholarship_review,Siapakah yang memberikan ulasan berkaitan biasiswa dan pinjaman?,,Who gives the review on scholarships and loans?,谁给予奖学金和贷款方面的评语？,உதவித்தொகை மற்றும் கடன் குறித்த மதிப்புரையை வழங்குவது யார்?
Proses Pertukaran Program,original_department,Siapakah yang memberikan sokongan bagi program asal?,,Who gives support for the original programme?,谁给予原课程的支持？,பழைய திட்டத்துக்கான ஆதரவை வழங்குவது யார்?
Proses Pertukaran Program,new_department,Siapakah yang memberikan sokongan bagi program baharu?,,Who gives support for the new programme?,谁给予新课程的支持？,புதிய திட்டத்துக்கான ஆதரவை வழங்குவது யார்?
Proses Pertukaran Program,hep_support,Siapakah yang memberikan sokongan Hal Ehwal Pelajar?,,Who gives Student Affairs support for a programme transfer?,谁给予转换课程的学生事务支持？,திட்ட மாற்றத்துக்கான மாணவர் விவகார ஆதரவை வழங்குவது யார்?
Proses Pertukaran Program,director_approval,Siapakah yang meluluskan permohonan pertukaran program?,,Who approves the programme transfer application?,谁批准转换课程申请？,திட்ட மாற்ற விண்ணப்பத்தை அங்கீகரிப்பது யார்?
Proses Pertukaran Program,decision_letter,Bilakah surat rasmi keputusan permohonan dikeluarkan?,,When is the official programme transfer decision letter issued?,转换课程结果的正式信函什么时候发出？,திட்ட மாற்ற முடிவு குறித்த அதிகாரப்பூர்வக் கடிதம் எப்போது வழங்கப்படும்?
Borang Permohonan Berhenti Pengajian,withdrawal_definition,Apakah borang ini?,,What is the study withdrawal form?,什么是退学申请表？,படிப்பிலிருந்து விலகும் படிவம் என்றால் என்ன?
Borang Permohonan Berhenti Pengajian,student_information,Apakah maklumat pelajar yang perlu diisi?,,What student information must be filled in on the withdrawal form?,退学申请表需要填写哪些学生资料？,விலகல் படிவத்தில் என்ன மாணவர் தகவல்களை நிரப்ப வேண்டும்?
Borang Permohonan Berhenti Pengajian,withdrawal_reason,Apakah sebab yang disenaraikan untuk berhenti pengajian?,,What reasons are listed for withdrawing from studies?,表格列出了哪些退学原因？,படிப்பிலிருந்து விலகுவதற்குப் பட்டியலிடப்பட்ட காரணங்கள் என்ன?
Borang Permohonan Berhenti Pengajian,job_offer,"Jika mendapat tawaran bekerja, apakah dokumen yang perlu disertakan?",,"If I got a job offer, what documents must be attached?",如果获得工作聘请，需要附上什么文件？,வேலை வாய்ப்பு கிடைத்திருந்தால் என்ன ஆவணங்களை இணைக்க வேண்டும்?
Borang Permohonan Berhenti Pengajian,study_offer,"Jika mendapat tawaran belajar di institusi lain, apakah dokumen yang perlu disertakan?",,"If I got an offer to study at another institution, what documents must be attached?",如果获得其他学府的录取，需要附上什么文件？,வேறு நிறுவனத்தில் படிக்க வாய்ப்பு கிடைத்திருந்தால் என்ன ஆவணங்களை இணைக்க வேண்டும்?
Borang Permohonan Berhenti Pengajian,personal_reason,"Jika berhenti kerana masalah peribadi, apakah yang perlu disertakan?",,"If withdrawing due to personal problems, what must be attached?",如果因个人问题退学，需要附上什么？,தனிப்பட்ட பிரச்சினைகளால் விலகினால் எதை இணைக்க வேண்டும்?
Borang Permohonan Berhenti Pengajian,student_signature,Adakah pelajar perlu menandatangani borang?,,Does the student need to sign the withdrawal form?,学生需要在退学申请表上签名吗？,மாணவர் விலகல் படிவத்தில் கையொப்பமிட வேண்டுமா?
Borang Permohonan Berhenti Pengajian,parent_confirmation,Adakah pengesahan ibu bapa atau penjaga diperlukan?,,Is parent or guardian confirmation required for withdrawal?,退学需要父母或监护人确认吗？,விலகலுக்குப் பெற்றோர் அல்லது பாதுகாவலரின் உறுதிப்படுத்தல் தேவையா?
Borang Permohonan Berhenti Pengajian,parent_information,Apakah maklumat yang perlu diisi oleh ibu bapa atau penjaga?,,What must the parent or guardian fill in on the withdrawal form?,父母或监护人需要在退学申请表上填写什么？,விலகல் படிவத்தில் பெற்றோர் அல்லது பாதுகாவலர் எதை நிரப்ப வேண்டும்?
Borang Permohonan Berhenti Pengajian,hostel_confirmation,Bilakah pengesahan Penyelia Asrama diperlukan?,,When is the Hostel Supervisor's confirmation needed for withdrawal?,退学什么时候需要宿舍管理员的确认？,விலகலுக்கு விடுதி மேற்பார்வையாளரின் உறுதிப்படுத்தல் எப்போது தேவை?
Borang Permohonan Berhenti Pengajian,hostel_dates,Apakah maklumat yang diisi oleh Penyelia Asrama?,,What does the Hostel Supervisor fill in on the withdrawal form?,宿舍管理员在退学申请表上填写什么？,விலகல் படிவத்தில் விடுதி மேற்பார்வையாளர் எதை நிரப்புவார்?
Borang Permohonan Berhenti Pengajian,advisor_review,Siapakah yang memberikan ulasan akademik?,,Who gives the academic review for withdrawal?,谁给予退学申请的学术评语？,விலகலுக்கான கல்வி மதிப்புரையை வழங்குவது யார்?
Borang Permohonan Berhenti Pengajian,head_academic,Siapakah yang memberikan ulasan Ketua Jabatan Akademik?,,Who gives the Head of Academic Department's review?,谁给予学术系主任的评语？,கல்வித் துறைத் தலைவரின் மதிப்புரையை வழங்குவது யார்?
Borang Permohonan Berhenti Pengajian,hep_review,Siapakah yang memberikan ulasan Ketua Jabatan Hal Ehwal Pelajar?,,Who gives the Head of Student Affairs Department's review?,谁给予学生事务处主任的评语？,மாணவர் விவகாரத் துறைத் தலைவரின் மதிப்புரையை வழங்குவது யார்?
Borang Permohonan Berhenti Pengajian,withdrawal_date,Apakah yang dinyatakan dalam permohonan berhenti pengajian?,,What is stated in the study withdrawal application?,退学申请中要说明什么？,படிப்பு விலகல் விண்ணப்பத்தில் என்ன குறிப்பிடப்படுகிறது?
Borang Permohonan Berhenti Pengajian,withdrawal_options,Berapakah pilihan sebab berhenti yang disediakan dalam borang?,,How many withdrawal reason options are in the form?,表格中有几个退学原因选项？,படிவத்தில் எத்தனை விலகல் காரண விருப்பங்கள் உள்ளன?
Borang Permohonan Berhenti Pengajian,hostel_key,Apakah maklumat berkaitan kolej kediaman yang direkodkan?,,What residential college information is recorded for withdrawal?,退学时会记录哪些宿舍资料？,விலகலின்போது குடியிருப்புக் கல்லூரி தொடர்பான என்ன தகவல்கள் பதிவு செய்யப்படுகின்றன?
Borang Permohonan Berhenti Pengajian,official_documents,Adakah dokumen sokongan diperlukan bagi semua sebab berhenti?,,Are supporting documents required for all withdrawal reasons?,所有退学原因都需要证明文件吗？,அனைத்து விலகல் காரணங்களுக்கும் ஆதார ஆவணங்கள் தேவையா?
Borang Permohonan Berhenti Pengajian,withdrawal_location,Permohonan ini adalah untuk berhenti pengajian di institusi mana?,,Which institution is this withdrawal application for?,这份退学申请是针对哪所学府？,இந்த விலகல் விண்ணப்பம் எந்த நிறுவனத்துக்கானது?
Borang Permohonan Berhenti Pengajian,form_sections,Apakah bahagian utama yang terdapat dalam borang?,,What are the main sections of the withdrawal form?,退学申请表有哪些主要部分？,விலகல் படிவத்தின் முக்கியப் பகுதிகள் எவை?
Pelan Meletak Kenderaan Pelajar,parking_plan,Apakah dokumen ini?,,What is the student parking plan?,什么是学生停车规划图？,மாணவர் வாகன நிறுத்தத் திட்டம் என்றால் என்ன?
Pelan Meletak Kenderaan Pelajar,parking_location,Pelan ini adalah untuk kampus mana?,,Which campus is the parking plan for?,这份停车规划图是哪个校区的？,வாகன நிறுத்தத் திட்டம் எந்த வளாகத்துக்கானது?
Pelan Meletak Kenderaan Pelajar,motorcycle_parking,Di manakah motosikal boleh diletakkan di Kampus B?,,Where can motorcycles be parked at Campus B?,B校区的摩托车可以停在哪里？,வளாகம் B-இல் மோட்டார் சைக்கிள்களை எங்கே நிறுத்தலாம்?
Pelan Meletak Kenderaan Pelajar,workshop_parking,Di manakah motosikal boleh diparkir berhampiran Bengkel JKM?,,Where can motorcycles be parked near the JKM Workshop?,JKM工场附近的摩托车可以停在哪里？,JKM பட்டறைக்கு அருகில் மோட்டார் சைக்கிள்களை எங்கே நிறுத்தலாம்?
Pelan Meletak Kenderaan Pelajar,jtmk_parking,Di manakah kawasan parkir kereta berhampiran Dewan Kuliah JTMK?,,Where is the car park near the JTMK Lecture Hall?,JTMK讲堂附近的停车场在哪里？,JTMK விரிவுரை மண்டபத்துக்கு அருகில் கார் நிறுத்துமிடம் எங்கே?
Pelan Meletak Kenderaan Pelajar,jubli_perak_parking,Di manakah kawasan parkir kereta berhampiran Dewan Jubli Perak?,,Where is the car park near Dewan Jubli Perak?,银禧礼堂（Dewan Jubli Perak）附近的停车场在哪里？,Dewan Jubli Perak அருகில் கார் நிறுத்துமிடம் எங்கே?
Pelan Meletak Kenderaan Pelajar,wataniah_parking,Di manakah kawasan parkir kereta berhampiran Bangunan Wataniah?,,Where is the car park near the Wataniah Building?,Wataniah大楼附近的停车场在哪里？,Wataniah கட்டிடத்துக்கு அருகில் கார் நிறுத்துமிடம் எங்கே?
Pelan Meletak Kenderaan Pelajar,hostel_exit,Di manakah pintu pagar keluar Kolej Kediaman Kampus B?,,Where is the exit gate of the Campus B Residential College?,B校区宿舍的出口闸门在哪里？,வளாகம் B குடியிருப்புக் கல்லூரியின் வெளியேறும் வாயில் எங்கே?
Pelan Meletak Kenderaan Pelajar,parking_vehicle,Adakah kawasan belakang Unit Kenderaan Kampus B untuk kereta?,,Is the area behind the Campus B Vehicle Unit for cars?,B校区车辆组后面的区域是停汽车的吗？,வளாகம் B வாகனப் பிரிவின் பின்புறப் பகுதி கார்களுக்கானதா?
Pelan Meletak Kenderaan Pelajar,parking_vehicle,Adakah kawasan sebelah Dewan Jubli Perak untuk motosikal?,,Is the area next to Dewan Jubli Perak for motorcycles?,银禧礼堂旁边的区域是停摩托车的吗？,Dewan Jubli Perak அருகிலுள்ள பகுதி மோட்டார் சைக்கிள்களுக்கானதா?
Pelan Meletak Kenderaan Pelajar,parking_vehicle,Adakah kawasan belakang Dewan Kuliah JTMK untuk motosikal?,,Is the area behind the JTMK Lecture Hall for motorcycles?,JTMK讲堂后面的区域是停摩托车的吗？,JTMK விரிவுரை மண்டபத்தின் பின்புறப் பகுதி மோட்டார் சைக்கிள்களுக்கானதா?
Pelan Meletak Kenderaan Pelajar,parking_vehicle,Adakah parkir bersebelahan Bengkel JKM untuk kereta?,,Is the parking next to the JKM Workshop for cars?,JKM工场旁边的停车位是停汽车的吗？,JKM பட்டறைக்கு அருகிலுள்ள நிறுத்துமிடம் கார்களுக்கானதா?
Pelan Meletak Kenderaan Pelajar,map_update,Bilakah tarikh kemas kini pelan ini?,,When was the parking plan last updated?,停车规划图是什么时候更新的？,வாகன நிறுத்தத் திட்டம் கடைசியாக எப்போது புதுப்பிக்கப்பட்டது?
Pelan Meletak Kenderaan Pelajar,issuing_department,Siapakah yang mengeluarkan pelan ini?,,Who issued the parking plan?,停车规划图是谁发出的？,வாகன நிறுத்தத் திட்டத்தை வெளியிட்டது யார்?
Pelan Meletak Kenderaan Pelajar,parking_area,Berapa lokasi parkir yang ditunjukkan pada pelan?,,How many parking locations are shown on the plan?,规划图上显示了几个停车地点？,திட்டத்தில் எத்தனை நிறுத்துமிடங்கள் காட்டப்பட்டுள்ளன?
Pelan Meletak Kenderaan Pelajar,campus_area,Apakah kawasan kampus yang ditunjukkan pada peta?,,Which campus areas are shown on the parking map?,停车地图上显示了哪些校园区域？,வாகன நிறுத்த வரைபடத்தில் எந்த வளாகப் பகுதிகள் காட்டப்பட்டுள்ளன?
Pelan Meletak Kenderaan Pelajar,motorcycle_locations,Nyatakan satu lokasi parkir motosikal dalam pelan.,,Name one motorcycle parking location on the plan.,说出规划图上的一个摩托车停车地点。,திட்டத்தில் உள்ள ஒரு மோட்டார் சைக்கிள் நிறுத்துமிடத்தைக் குறிப்பிடுக.
Pelan Meletak Kenderaan Pelajar,car_locations,Nyatakan satu lokasi parkir kereta dalam pelan.,,Name one car parking location on the plan.,说出规划图上的一个汽车停车地点。,திட்டத்தில் உள்ள ஒரு கார் நிறுத்துமிடத்தைக் குறிப்பிடுக.
Pelan Meletak Kenderaan Pelajar,campus_gate,Apakah kemudahan yang ditunjukkan berhampiran Kolej Kediaman Kampus B?,,What facilities are shown near the Campus B Residential College?,B校区宿舍附近显示了哪些设施？,வளாகம் B குடியிருப்புக் கல்லூரிக்கு அருகில் என்ன வசதிகள் காட்டப்பட்டுள்ளன?
Pelan Meletak Kenderaan Pelajar,parking_purpose,Apakah tujuan pelan ini?,,What is the purpose of the parking plan?,停车规划图的目的是什么？,வாகன நிறுத்தத் திட்டத்தின் நோக்கம் என்ன?
Buku Panduan dan Peraturan Am Pelajar Politeknik,definisi_pelajar,Apakah maksud pelajar dalam buku panduan ini?,,"What does ""student"" mean in the student handbook?",学生手册中的“学生”是指什么？,"மாணவர் கையேட்டில் ""மாணவர்"" என்பதன் பொருள் என்ன?"
Buku Panduan dan Peraturan Am Pelajar Politeknik,status_pelajar,Apakah syarat status pelajar?,,What are the requirements for student status?,学生身份的条件是什么？,மாணவர் தகுதிக்கான நிபந்தனைகள் என்ன?
Buku Panduan dan Peraturan Am Pelajar Politeknik,gugur_status,Bila status pelajar boleh digugurkan?,,When can student status be revoked?,什么时候会被撤销学生身份？,மாணவர் தகுதி எப்போது ரத்து செய்யப்படலாம்?
Buku Panduan dan Peraturan Am Pelajar Politeknik,pelajar_baharu,Adakah pelajar baharu wajib hadir Minggu Suai Kenal?,,Must new students attend Orientation Week?,新生必须参加迎新周吗？,புதிய மாணவர்கள் அறிமுக வாரத்தில் கலந்துகொள்வது கட்டாயமா?
Buku Panduan dan Peraturan Am Pelajar Politeknik,tarikh_daftar,Bila makluman tarikh pendaftaran akan dibuat?,,When will the registration date be announced?,报到日期什么时候公布？,பதிவுத் தேதி எப்போது அறிவிக்கப்படும்?
Buku Panduan dan Peraturan Am Pelajar Politeknik,dokumen_pendaftaran,Apakah dokumen yang perlu dibawa semasa pendaftaran pelajar senior?,,What documents must senior students bring during registration?,高年级学生报到时需要带什么文件？,மூத்த மாணவர்கள் பதிவின்போது என்ன ஆவணங்களைக் கொண்டு வர வேண்டும்?
Buku Panduan dan Peraturan Am Pelajar Politeknik,pakaian_mendaftar,Apakah pakaian semasa mendaftar yang dibenarkan?,,What clothing is allowed during registration?,报到时可以穿什么服装？,பதிவின்போது எந்த ஆடைகள் அனுமதிக்கப்படுகின்றன?
Buku Panduan dan Peraturan Am Pelajar Politeknik,larangan_pakaian,Apakah pakaian yang tidak dibenarkan semasa mendaftar?,,What clothing is not allowed during registration?,报到时不可以穿什么服装？,பதிவின்போது எந்த ஆடைகள் அனுமதிக்கப்படவில்லை?
Buku Panduan dan Peraturan Am Pelajar Politeknik,bantuan_kewangan,Adakah institusi menyediakan bantuan kewangan?,,Does the institution provide financial aid?,学院提供经济援助吗？,நிறுவனம் நிதியுதவி வழங்குகிறதா?
Buku Panduan dan Peraturan Am Pelajar Politeknik,tanggungjawab_kewangan,Apakah tanggungjawab pelajar dari segi kewangan?,,What are students' financial responsibilities?,学生在财务方面有什么责任？,நிதி தொடர்பாக மாணவர்களின் பொறுப்புகள் என்ன?
Buku Panduan dan Peraturan Am Pelajar Politeknik,kad_pelajar,Apakah peraturan kad pelajar di kampus?,,What are the student card rules on campus?,校园里有关学生证的规定是什么？,வளாகத்தில் மாணவர் அட்டை விதிகள் என்ன?
Buku Panduan dan Peraturan Am Pelajar Politeknik,denda_kad_pelajar,Apakah tindakan jika pelajar tidak memakai kad pelajar?,,What happens if a student doesn't wear their student card?,学生没有佩戴学生证会怎样？,மாணவர் அட்டை அணியவில்லையென்றால் என்ன நடவடிக்கை?
Buku Panduan dan Peraturan Am Pelajar Politeknik,kad_hilang,Apa perlu dibuat jika kad pelajar hilang atau rosak?,,What should I do if my student card is lost or damaged?,学生证遗失或损坏怎么办？,மாணவர் அட்டை தொலைந்தால் அல்லது சேதமடைந்தால் என்ன செய்வது?
Buku Panduan dan Peraturan Am Pelajar Politeknik,kehadiran_kuliah,Berapakah kehadiran minimum ke kuliah atau bengkel?,,What is the minimum attendance for lectures or workshops?,上课或工场的最低出席率是多少？,விரிவுரை அல்லது பட்டறைக்கான குறைந்தபட்ச வருகை எவ்வளவு?
Buku Panduan dan Peraturan Am Pelajar Politeknik,hadir_kuliah,Adakah pelajar perlu hadir semua kuliah dan bengkel?,,Must students attend all lectures and workshops?,学生必须出席所有课和工场吗？,"மாணவர்கள் அனைத்து விரிவுரைகள், பட்டறைகளுக்கும் வர வேண்டுமா?"
Buku Panduan dan Peraturan Am Pelajar Politeknik,alasan_tidak_hadir,Apa perlu dibuat jika tidak dapat hadir kuliah?,,What should I do if I can't attend a lecture?,无法上课时应该怎么做？,விரிவுரைக்கு வர முடியாவிட்டால் என்ன செய்வது?
Buku Panduan dan Peraturan Am Pelajar Politeknik,kebersihan_kampus,Apakah tanggungjawab pelajar terhadap kebersihan kampus?,,What are students' responsibilities for campus cleanliness?,学生对校园清洁有什么责任？,வளாகத் தூய்மை குறித்து மாணவர்களின் பொறுப்புகள் என்ன?
Buku Panduan dan Peraturan Am Pelajar Politeknik,harta_benda,Bolehkah pelajar merosakkan harta benda institusi?,,Can students damage institution property?,学生可以破坏学院财物吗？,மாணவர்கள் நிறுவனச் சொத்துகளைச் சேதப்படுத்தலாமா?
Buku Panduan dan Peraturan Am Pelajar Politeknik,pertubuhan_pelajar,Adakah pelajar boleh menjadi ahli pertubuhan tanpa kebenaran?,,Can students join organisations without permission?,学生可以未经许可加入组织吗？,அனுமதியின்றி மாணவர்கள் அமைப்புகளில் உறுப்பினராகலாமா?
Buku Panduan dan Peraturan Am Pelajar Politeknik,aktiviti_pelajar,Adakah aktiviti pelajar memerlukan kebenaran?,,Do student activities need permission?,学生活动需要获得许可吗？,மாணவர் நடவடிக்கைகளுக்கு அனுமதி தேவையா?
Buku Panduan dan Peraturan Am Pelajar Politeknik,bahan_lucah,Adakah pelajar dibenarkan memiliki bahan lucah?,,Are students allowed to possess obscene material?,学生可以持有色情物品吗？,மாணவர்கள் ஆபாசப் பொருட்களை வைத்திருக்கலாமா?
Buku Panduan dan Peraturan Am Pelajar Politeknik,dadah_arak,Adakah pelajar dibenarkan memiliki dadah atau minuman keras?,,Are students allowed to possess drugs or alcohol?,学生可以持有毒品或酒类吗？,மாணவர்கள் போதைப்பொருள் அல்லது மதுபானம் வைத்திருக்கலாமா?
Buku Panduan dan Peraturan Am Pelajar Politeknik,judi,Adakah pelajar dibenarkan berjudi?,,Are students allowed to gamble?,学生可以赌博吗？,மாணவர்கள் சூதாடலாமா?
Buku Panduan dan Peraturan Am Pelajar Politeknik,gangguan_ketenteraman,Apakah yang dianggap mengganggu ketenteraman kampus?,,What is considered disturbing campus peace?,什么行为被视为扰乱校园秩序？,வளாக அமைதியைக் குலைப்பதாக எது கருதப்படும்?
Buku Panduan dan Peraturan Am Pelajar Politeknik,penceramah_luar,Bolehkah pelajar menjemput penceramah luar tanpa izin?,,Can students invite outside speakers without permission?,学生可以未经许可邀请外来讲者吗？,அனுமதியின்றி மாணவர்கள் வெளிப் பேச்சாளர்களை அழைக்கலாமா?
Buku Panduan dan Peraturan Am Pelajar Politeknik,salah_laku_berat,Apakah kesalahan yang boleh menyebabkan penggantungan atau pembuangan pelajar?,,What offences can lead to suspension or expulsion?,哪些违规行为会导致停学或开除？,எந்தக் குற்றங்கள் இடைநீக்கம் அல்லது வெளியேற்றத்துக்கு வழிவகுக்கும்?
Buku Panduan dan Peraturan Am Pelajar Politeknik,merokok,Adakah pelajar boleh merokok di kampus?,,Can students smoke on campus?,学生可以在校园吸烟吗？,மாணவர்கள் வளாகத்தில் புகைபிடிக்கலாமா?
Buku Panduan dan Peraturan Am Pelajar Politeknik,kerja_sambilan,Bolehkah pelajar bekerja sambilan?,,Can students work part-time?,学生可以做兼职吗？,மாணவர்கள் பகுதிநேர வேலை செய்யலாமா?
Buku Panduan dan Peraturan Am Pelajar Politeknik,nama_baik,Apakah tanggungjawab pelajar terhadap nama baik institusi?,,What are students' responsibilities towards the institution's good name?,学生对维护学院声誉有什么责任？,நிறுவனத்தின் நற்பெயர் குறித்து மாணவர்களின் பொறுப்புகள் என்ன?
Buku Panduan dan Peraturan Am Pelajar Politeknik,kolej_kediaman,Apakah peraturan umum bagi pelajar yang tinggal di kolej kediaman?,,What are the general rules for students living in the residential college?,住宿舍的学生有哪些一般规定？,குடியிருப்புக் கல்லூரியில் தங்கும் மாணவர்களுக்கான பொது விதிகள் என்ன?
Buku Panduan dan Peraturan Am Pelajar Politeknik,tinggal_luar_kampus,Apakah peraturan bagi pelajar yang tinggal di luar kampus?,,What are the rules for students living off campus?,住校外的学生有哪些规定？,வளாகத்துக்கு வெளியே தங்கும் மாணவர்களுக்கான விதிகள் என்ன?
Buku Panduan dan Peraturan Am Pelajar Politeknik,suara_bising,Adakah pelajar boleh membuat bunyi kuat di rumah sewa?,,Can students make loud noise at their rented house?,学生可以在租屋制造很大的噪音吗？,மாணவர்கள் வாடகை வீட்டில் அதிகச் சத்தம் போடலாமா?
Buku Panduan dan Peraturan Am Pelajar Politeknik,perpustakaan_bising,Adakah pelajar dibenarkan bercakap kuat di perpustakaan?,,Are students allowed to talk loudly in the library?,学生可以在图书馆大声说话吗？,மாணவர்கள் நூலகத்தில் சத்தமாகப் பேசலாமா?
Buku Panduan dan Peraturan Am Pelajar Politeknik,perpustakaan_makan,Bolehkah pelajar makan atau minum di perpustakaan?,,Can students eat or drink in the library?,学生可以在图书馆吃喝吗？,மாணவர்கள் நூலகத்தில் சாப்பிடலாமா அல்லது குடிக்கலாமா?
Buku Panduan dan Peraturan Am Pelajar Politeknik,perpustakaan_beg,Adakah beg dibenarkan dibawa masuk ke perpustakaan?,,Are bags allowed in the library?,可以带包进图书馆吗？,நூலகத்துக்குள் பைகளைக் கொண்டு செல்லலாமா?
Buku Panduan dan Peraturan Am Pelajar Politeknik,pinjaman_buku,Berapa banyak buku yang boleh dipinjam daripada perpustakaan?,,How many books can be borrowed from the library?,可以向图书馆借几本书？,நூலகத்திலிருந்து எத்தனை புத்தகங்களை இரவல் வாங்கலாம்?
Buku Panduan dan Peraturan Am Pelajar Politeknik,tempoh_pinjaman,Berapa lama tempoh pinjaman buku perpustakaan?,,How long is the library book loan period?,图书馆借书期限是多久？,நூலகப் புத்தக இரவல் காலம் எவ்வளவு?
Buku Panduan dan Peraturan Am Pelajar Politeknik,lambat_pulang_buku,Apa berlaku jika buku dipulangkan lewat?,,What happens if a book is returned late?,逾期还书会怎样？,புத்தகத்தைத் தாமதமாகத் திருப்பினால் என்ன ஆகும்?
Buku Panduan dan Peraturan Am Pelajar Politeknik,buku_hilang,Apa berlaku jika buku pinjaman hilang atau rosak?,,What happens if a borrowed book is lost or damaged?,借的书遗失或损坏会怎样？,இரவல் புத்தகம் தொலைந்தால் அல்லது சேதமடைந்தால் என்ன ஆகும்?
Buku Panduan dan Peraturan Am Pelajar Politeknik,kenderaan_sah,Apakah syarat membawa kenderaan persendirian ke kampus?,,What are the conditions for bringing a private vehicle to campus?,带私人车辆进校园有什么条件？,தனியார் வாகனத்தை வளாகத்துக்குக் கொண்டு வருவதற்கான நிபந்தனைகள் என்ன?
Buku Panduan dan Peraturan Am Pelajar Politeknik,pelekat_kenderaan,Adakah kenderaan perlu mempunyai pelekat khas?,,Do vehicles need a special sticker?,车辆需要特别贴纸吗？,வாகனங்களுக்குச் சிறப்பு ஸ்டிக்கர் தேவையா?
Buku Panduan dan Peraturan Am Pelajar Politeknik,tempat_parkir,Di mana kenderaan pelajar perlu diletakkan?,,Where must student vehicles be parked?,学生车辆必须停在哪里？,மாணவர் வாகனங்களை எங்கே நிறுத்த வேண்டும்?
Buku Panduan dan Peraturan Am Pelajar Politeknik,kenderaan_asrama,Adakah pelajar yang tinggal di asrama boleh membawa kenderaan?,,Can students living in the hostel bring a vehicle?,住宿舍的学生可以带车吗？,விடுதியில் தங்கும் மாணவர்கள் வாகனம் கொண்டு வரலாமா?
Buku Panduan dan Peraturan Am Pelajar Politeknik,bilik_asrama,Siapa yang dibenarkan tinggal di bilik kolej kediaman?,,Who is allowed to stay in residential college rooms?,谁可以住在宿舍房间？,குடியிருப்புக் கல்லூரி அறைகளில் தங்க யாருக்கு அனுமதி உண்டு?
Buku Panduan dan Peraturan Am Pelajar Politeknik,tetamu_asrama,Bolehkah tetamu menginap di kolej kediaman asrama?,,Can guests stay overnight in the hostel?,访客可以在宿舍过夜吗？,விருந்தினர்கள் விடுதியில் இரவு தங்கலாமா?
Buku Panduan dan Peraturan Am Pelajar Politeknik,keselamatan_bilik,Apakah tanggungjawab penghuni terhadap bilik asrama?,,What are residents' responsibilities for their hostel room?,住宿生对宿舍房间有什么责任？,விடுதி அறை குறித்துத் தங்குவோரின் பொறுப்புகள் என்ன?
Buku Panduan dan Peraturan Am Pelajar Politeknik,memasak_asrama,Bolehkah penghuni memasak di bilik asrama?,,Can residents cook in their hostel room?,住宿生可以在宿舍房间煮食吗？,தங்குவோர் விடுதி அறையில் சமைக்கலாமா?
Buku Panduan dan Peraturan Am Pelajar Politeknik,pelawat_asrama,Bagaimanakah pelawat diterima di kolej kediaman?,,How are visitors received at the residential college?,宿舍如何接待访客？,குடியிருப்புக் கல்லூரியில் பார்வையாளர்கள் எப்படி வரவேற்கப்படுகிறார்கள்?
Buku Panduan dan Peraturan Am Pelajar Politeknik,waktu_malam_asrama,Siapa yang boleh berada di kawasan bilik selepas jam 11 malam?,,Who can be in the room area after 11 pm?,晚上11点后谁可以待在房间区域？,இரவு 11 மணிக்குப் பிறகு அறைப் பகுதியில் யார் இருக்கலாம்?
Buku Panduan dan Peraturan Am Pelajar Politeknik,solat_jemaah,Apakah tuntutan bagi pelajar Muslim di institusi?,,What is required of Muslim students at the institution?,学院对穆斯林学生有什么要求？,நிறுவனத்தில் முஸ்லிம் மாணவர்களுக்கான கடமைகள் என்ன?
Buku Panduan dan Peraturan Am Pelajar Politeknik,solat_jumaat,Apakah kewajipan pelajar lelaki Muslim pada hari Jumaat?,,What is the obligation of Muslim male students on Fridays?,穆斯林男学生在星期五有什么义务？,வெள்ளிக்கிழமைகளில் முஸ்லிம் ஆண் மாணவர்களின் கடமை என்ன?
Buku Panduan dan Peraturan Am Pelajar Politeknik,riadah,Apakah peraturan untuk aktiviti riadah?,,What are the rules for recreational activities?,康乐活动有哪些规定？,பொழுதுபோக்கு நடவடிக்கைகளுக்கான விதிகள் என்ன?
Buku Panduan dan Peraturan Am Pelajar Politeknik,aktiviti_asrama,Adakah aktiviti sosial dibenarkan di kolej kediaman?,,Are social activities allowed in the residential college?,宿舍允许举办社交活动吗？,குடியிருப்புக் கல்லூரியில் சமூக நடவடிக்கைகள் அனுமதிக்கப்படுகிறதா?
Buku Panduan dan Peraturan Am Pelajar Politeknik,perhimpunan_asrama,Adakah perhimpunan melebihi lima orang dibenarkan di asrama?,,Are gatherings of more than five people allowed in the hostel?,宿舍允许超过五人的聚会吗？,விடுதியில் ஐந்து பேருக்கு மேல் கூடுவது அனுமதிக்கப்படுகிறதா?
Buku Panduan dan Peraturan Am Pelajar Politeknik,kawasan_larangan,Adakah blok kediaman pelajar perempuan boleh dimasuki pelajar lelaki?,,Can male students enter the female students' residential block?,男学生可以进入女生宿舍楼吗？,ஆண் மாணவர்கள் பெண் மாணவர் குடியிருப்புத் தொகுதிக்குள் நுழையலாமா?
Buku Panduan dan Peraturan Am Pelajar Politeknik,bilik_warden,Adakah pelajar boleh masuk ke bilik warden sesuka hati?,,Can students enter the warden's room as they please?,学生可以随意进入舍监房间吗？,மாணவர்கள் விருப்பப்படி வார்டன் அறைக்குள் நுழையலாமா?
Buku Panduan dan Peraturan Am Pelajar Politeknik,bumbung_asrama,Adakah pelajar boleh naik ke kawasan bumbung asrama?,,Can students go up to the hostel roof area?,学生可以上宿舍屋顶吗？,மாணவர்கள் விடுதியின் கூரைப் பகுதிக்குச் செல்லலாமா?
Buku Panduan dan Peraturan Am Pelajar Politeknik,kawasan_pentadbiran,Bolehkah pelajar masuk ke kawasan pentadbiran selepas jam 7 malam?,,Can students enter the administration area after 7 pm?,学生可以在晚上7点后进入行政区吗？,மாலை 7 மணிக்குப் பிறகு மாணவர்கள் நிர்வாகப் பகுதிக்குள் நுழையலாமா?
Buku Panduan dan Peraturan Am Pelajar Politeknik,kafetaria_asrama,Adakah kawasan kafetaria dibenarkan untuk semua pelajar?,,Is the cafeteria area open to all students?,食堂区域对所有学生开放吗？,சிற்றுண்டிச்சாலைப் பகுதி அனைத்து மாணவர்களுக்கும் திறந்ததா?
Buku Panduan dan Peraturan Am Pelajar Politeknik,solat_ramadhan,Apakah galakan kepada pelajar Muslim pada bulan Ramadan?,,What are Muslim students encouraged to do during Ramadan?,斋戒月期间鼓励穆斯林学生做什么？,ரமலான் மாதத்தில் முஸ்லிம் மாணவர்கள் என்ன செய்ய ஊக்குவிக்கப்படுகிறார்கள்?
Buku Panduan dan Peraturan Am Pelajar Politeknik,keluar_kampus,Adakah pelajar kolej kediaman boleh bermalam di luar kampus?,,Can residential college students stay overnight off campus?,宿舍学生可以在校外过夜吗？,குடியிருப்புக் கல்லூரி மாணவர்கள் வளாகத்துக்கு வெளியே இரவு தங்கலாமா?
Buku Panduan dan Peraturan Am Pelajar Politeknik,daftar_keluar_masuk,Apakah keperluan keluar masuk asrama?,,What are the requirements for leaving and entering the hostel?,出入宿舍有什么规定？,விடுதியிலிருந்து வெளியே சென்று உள்ளே வருவதற்கான நிபந்தனைகள் என்ன?
Buku Panduan dan Peraturan Am Pelajar Politeknik,surat_bungkusan,Di mana surat atau bungkusan diambil oleh penghuni?,,Where do residents collect letters or parcels?,住宿生在哪里领取信件或包裹？,தங்குவோர் கடிதங்கள் அல்லது பொட்டலங்களை எங்கே பெறுவார்கள்?
Buku Panduan dan Peraturan Am Pelajar Politeknik,elektrik_asrama,Adakah penggunaan peralatan elektrik di bilik asrama dibenarkan?,,Is the use of electrical appliances allowed in hostel rooms?,宿舍房间可以使用电器吗？,விடுதி அறைகளில் மின் சாதனங்களைப் பயன்படுத்தலாமா?
Buku Panduan dan Peraturan Am Pelajar Politeknik,pendawaian_haram,Adakah pendawaian elektrik sendiri dibenarkan di asrama?,,Is DIY electrical wiring allowed in the hostel?,宿舍可以自行接电线吗？,விடுதியில் சொந்தமாக மின் இணைப்பு செய்யலாமா?
Buku Panduan dan Peraturan Am Pelajar Politeknik,makanan_halal,Apakah jenis makanan yang dibenarkan dibawa ke asrama?,,What kinds of food are allowed in the hostel?,哪些食物可以带进宿舍？,விடுதிக்கு எந்த வகை உணவுகளைக் கொண்டு வரலாம்?
Buku Panduan dan Peraturan Am Pelajar Politeknik,pelihara_binatang,Bolehkah penghuni memelihara binatang di asrama?,,Can residents keep pets in the hostel?,住宿生可以在宿舍养宠物吗？,தங்குவோர் விடுதியில் செல்லப்பிராணிகளை வளர்க்கலாமா?
Buku Panduan dan Peraturan Am Pelajar Politeknik,notis_asrama,Adakah pelajar boleh menampal notis sesuka hati di asrama?,,Can students put up notices anywhere in the hostel?,学生可以在宿舍随意张贴告示吗？,மாணவர்கள் விடுதியில் விருப்பப்படி அறிவிப்புகளை ஒட்டலாமா?
Buku Panduan dan Peraturan Am Pelajar Politeknik,hiasan_bilik,Bolehkah poster dipaku pada dinding bilik asrama?,,Can posters be nailed to hostel room walls?,可以把海报钉在宿舍墙上吗？,விடுதி அறைச் சுவர்களில் சுவரொட்டிகளை ஆணியடிக்கலாமா?
Buku Panduan dan Peraturan Am Pelajar Politeknik,keselamatan_harta,Siapakah bertanggungjawab jika barang hilang di asrama?,,Who is responsible if things go missing in the hostel?,宿舍里东西不见了谁负责？,விடுதியில் பொருட்கள் தொலைந்தால் யார் பொறுப்பு?
Buku Panduan dan Peraturan Am Pelajar Politeknik,berniaga_asrama,Bolehkah penghuni berniaga di kolej kediaman?,,Can residents run a business in the residential college?,住宿生可以在宿舍做生意吗？,தங்குவோர் குடியிருப்புக் கல்லூரியில் வியாபாரம் செய்யலாமா?
Buku Panduan dan Peraturan Am Pelajar Politeknik,kebakaran_asrama,Apa perlu dibuat jika berlaku kebakaran di asrama?,,What should I do if there is a fire in the hostel?,宿舍发生火灾怎么办？,விடுதியில் தீ விபத்து ஏற்பட்டால் என்ன செய்வது?
Buku Panduan dan Peraturan Am Pelajar Politeknik,kecemasan_asrama,Siapa perlu dimaklumkan jika berlaku kecemasan di asrama?,,Who should be informed in a hostel emergency?,宿舍发生紧急情况要通知谁？,விடுதியில் அவசரநிலை ஏற்பட்டால் யாருக்குத் தெரிவிக்க வேண்டும்?
Buku Panduan dan Peraturan Am Pelajar Politeknik,ancaman_asrama,Apa perlu dibuat jika menerima ancaman atau ugutan?,,What should I do if I receive threats?,收到威胁或恐吓怎么办？,அச்சுறுத்தல் வந்தால் என்ன செய்வது?
Buku Panduan dan Peraturan Am Pelajar Politeknik,kenderaan_asrama_2,Bolehkah pelajar membawa kenderaan ke kolej kediaman asrama?,,Can students bring vehicles to the residential college?,学生可以带车进宿舍区吗？,மாணவர்கள் குடியிருப்புக் கல்லூரிக்கு வாகனம் கொண்டு வரலாமா?
Buku Panduan dan Peraturan Am Pelajar Politeknik,pelajar_luar_asrama,Bolehkah pelajar bukan penghuni parkir di kawasan asrama?,,Can non-resident students park in the hostel area?,非住宿生可以在宿舍区停车吗？,விடுதியில் தங்காத மாணவர்கள் விடுதிப் பகுதியில் வாகனம் நிறுத்தலாமா?
Buku Panduan dan Peraturan Am Pelajar Politeknik,tempat_kemudahan,Bagaimanakah kemudahan asrama perlu digunakan?,,How should hostel facilities be used?,宿舍设施应该如何使用？,விடுதி வசதிகளை எப்படிப் பயன்படுத்த வேண்டும்?
Buku Panduan dan Peraturan Am Pelajar Politeknik,kebersihan_bilik_air,Siapa bertanggungjawab menjaga kebersihan bilik air dan bilik cucian?,,Who is responsible for keeping the bathrooms and laundry rooms clean?,谁负责保持浴室和洗衣房清洁？,"குளியலறை, சலவை அறைகளைச் சுத்தமாக வைத்திருப்பது யாருடைய பொறுப்பு?"
Buku Panduan dan Peraturan Am Pelajar Politeknik,aktiviti_terancang,Adakah penghuni wajib hadir aktiviti yang dianjurkan institusi?,,Must residents attend activities organised by the institution?,住宿生必须参加学院举办的活动吗？,நிறுவனம் ஏற்பாடு செய்யும் நடவடிக்கைகளில் தங்குவோர் கலந்துகொள்வது கட்டாயமா?
Buku Panduan dan Peraturan Am Pelajar Politeknik,perhimpunan_haram,Adakah perhimpunan tanpa kebenaran dibenarkan di asrama?,,Are unauthorised gatherings allowed in the hostel?,宿舍允许未经许可的聚会吗？,விடுதியில் அனுமதியற்ற கூட்டங்கள் அனுமதிக்கப்படுகிறதா?
Buku Panduan dan Peraturan Am Pelajar Politeknik,ceramah_luar,Adakah ceramah luar di asrama perlu kebenaran?,,Do outside talks in the hostel need permission?,在宿舍举办外来讲座需要许可吗？,விடுதியில் வெளிச் சொற்பொழிவுகளுக்கு அனுமதி தேவையா?
Buku Panduan dan Peraturan Am Pelajar Politeknik,nama_baik_institusi,Bolehkah pelajar melakukan perkara yang mencemarkan nama baik institusi?,,Can students do things that tarnish the institution's good name?,学生可以做损害学院声誉的事吗？,நிறுவனத்தின் நற்பெயரைக் கெடுக்கும் செயல்களை மாணவர்கள் செய்யலாமா?
Buku Panduan dan Peraturan Am Pelajar Politeknik,kumpulan_haram,Bolehkah penghuni memberi sokongan kepada kumpulan haram?,,Can residents support illegal groups?,住宿生可以支持非法团体吗？,தங்குவோர் சட்டவிரோதக் குழுக்களுக்கு ஆதரவு அளிக்கலாமா?
Buku Panduan dan Peraturan Am Pelajar Politeknik,hubungan_tidak_sopan,Adakah berdua-duaan lelaki dan perempuan dibenarkan di kawasan kampus?,,Are male and female students allowed to be alone together on campus?,校园里允许男女单独相处吗？,வளாகத்தில் ஆணும் பெண்ணும் தனியாக இருப்பது அனுமதிக்கப்படுகிறதா?
Buku Panduan dan Peraturan Am Pelajar Politeknik,kawasan_bilik,Adakah kawasan blok kediaman pelajar perempuan terbuka kepada pelajar lelaki?,,Is the female students' residential block open to male students?,女生宿舍楼对男学生开放吗？,பெண் மாணவர் குடியிருப்புத் தொகுதி ஆண் மாணவர்களுக்குத் திறந்ததா?
Buku Panduan dan Peraturan Am Pelajar Politeknik,akademik_kumpulan,Bagaimana perbincangan akademik antara pelajar lelaki dan perempuan perlu dibuat?,,How should academic discussions between male and female students be held?,男女学生之间的学术讨论应该怎样进行？,"ஆண், பெண் மாணவர்களுக்கு இடையிலான கல்வி விவாதங்கள் எப்படி நடத்தப்பட வேண்டும்?"
Buku Panduan dan Peraturan Am Pelajar Politeknik,kawasan_administrasi,Bilakah kawasan pentadbiran menjadi kawasan larangan?,,When does the administration area become a restricted area?,行政区什么时候成为禁区？,நிர்வாகப் பகுதி எப்போது தடைசெய்யப்பட்ட பகுதியாகிறது?
Buku Panduan dan Peraturan Am Pelajar Politeknik,solat_fardu,Apakah tuntutan untuk pelajar Muslim di institusi?,,What is expected of Muslim students at the institution?,学院对穆斯林学生有什么期望？,நிறுவனத்தில் முஸ்லிம் மாணவர்களிடம் என்ன எதிர்பார்க்கப்படுகிறது?
Buku Panduan dan Peraturan Am Pelajar Politeknik,aktiviti_masjid,Adakah pelajar wajib hadir aktiviti di masjid atau surau?,,Must students attend activities at the mosque or surau?,学生必须参加清真寺或祈祷室的活动吗？,பள்ளிவாசல் அல்லது சுராவ் நடவடிக்கைகளில் மாணவர்கள் கலந்துகொள்வது கட்டாயமா?
Buku Panduan dan Peraturan Am Pelajar Politeknik,riadah_maghrib,Bila aktiviti sukan perlu dihentikan?,,When must sports activities stop?,运动活动什么时候必须停止？,விளையாட்டு நடவடிக்கைகள் எப்போது நிறுத்தப்பட வேண்டும்?
Buku Panduan dan Peraturan Am Pelajar Politeknik,pakaian_riadah,Bagaimanakah pakaian semasa riadah?,,What should be worn during recreation?,康乐活动时应该穿什么？,பொழுதுபோக்கின்போது என்ன அணிய வேண்டும்?
Buku Panduan dan Peraturan Am Pelajar Politeknik,pelajar_sikap,Apakah sikap yang perlu ditunjukkan oleh pelajar yang tinggal di luar kampus?,,What attitude should students living off campus show?,住校外的学生应该表现出什么态度？,வளாகத்துக்கு வெளியே தங்கும் மாணவர்கள் என்ன மனப்பான்மையைக் காட்ட வேண்டும்?
Buku Panduan dan Peraturan Am Pelajar Politeknik,bunyi_rumah,Bolehkah alat muzik digunakan kuat di rumah sewa?,,Can musical instruments be played loudly at a rented house?,可以在租屋大声弹奏乐器吗？,வாடகை வீட்டில் இசைக்கருவிகளைச் சத்தமாக வாசிக்கலாமா?
Buku Panduan dan Peraturan Am Pelajar Politeknik,tinggal_serumah,Bolehkah pelajar lelaki dan perempuan tinggal serumah?,,Can male and female students live in the same house?,男女学生可以同住一间屋吗？,"ஆண், பெண் மாணவர்கள் ஒரே வீட்டில் தங்கலாமா?"
Buku Panduan dan Peraturan Am Pelajar Politeknik,tanggungjawab_rumah,Siapa bertanggungjawab terhadap kebersihan dan keselamatan rumah sewa?,,Who is responsible for the cleanliness and safety of a rented house?,谁负责租屋的清洁与安全？,"வாடகை வீட்டின் தூய்மை, பாதுகாப்புக்கு யார் பொறுப்பு?"
Buku Panduan dan Peraturan Am Pelajar Politeknik,larangan_kumpul,Adakah pelajar digalakkan berkumpul di luar rumah?,,Are students encouraged to gather outside the house?,鼓励学生在屋外聚集吗？,மாணவர்கள் வீட்டுக்கு வெளியே கூடுவது ஊக்குவிக்கப்படுகிறதா?
Buku Panduan dan Peraturan Am Pelajar Politeknik,kelakuan_kampus,Bolehkah pelajar membuat bising dalam kampus?,,Can students make noise on campus?,学生可以在校园制造噪音吗？,மாணவர்கள் வளாகத்தில் சத்தம் போடலாமா?
Buku Panduan dan Peraturan Am Pelajar Politeknik,cadangan_aduan,Bagaimanakah pelajar boleh menyuarakan cadangan atau aduan?,,How can students voice suggestions or complaints?,学生如何提出建议或投诉？,மாணவர்கள் பரிந்துரைகள் அல்லது புகார்களை எப்படித் தெரிவிக்கலாம்?
Buku Panduan dan Peraturan Am Pelajar Politeknik,menyimpan_bahan_lucah,Adakah pelajar boleh memiliki bahan lucah?,,Can students possess obscene material?,学生可以持有色情物品吗？,மாணவர்கள் ஆபாசப் பொருட்களை வைத்திருக்கலாமா?
Buku Panduan dan Peraturan Am Pelajar Politeknik,dadah_racun,Adakah pelajar boleh memiliki dadah atau racun?,,Can students possess drugs or poison?,学生可以持有毒品或毒药吗？,மாணவர்கள் போதைப்பொருள் அல்லது நஞ்சு வைத்திருக்கலாமா?
Buku Panduan dan Peraturan Am Pelajar Politeknik,minuman_keras,Adakah pelajar boleh minum minuman keras?,,Can students drink alcohol?,学生可以喝酒吗？,மாணவர்கள் மது அருந்தலாமா?
Buku Panduan dan Peraturan Am Pelajar Politeknik,perjudian,Adakah pelajar boleh terlibat dalam perjudian?,,Can students get involved in gambling?,学生可以参与赌博吗？,மாணவர்கள் சூதாட்டத்தில் ஈடுபடலாமா?
Buku Panduan dan Peraturan Am Pelajar Politeknik,bantahan_terbuka,Adakah pelajar boleh membuat bantahan secara langsung kepada pihak luar?,,Can students protest directly to outside parties?,学生可以直接向外界提出抗议吗？,மாணவர்கள் வெளித் தரப்பினரிடம் நேரடியாக எதிர்ப்புத் தெரிவிக்கலாமா?
Buku Panduan dan Peraturan Am Pelajar Politeknik,kerja_perniagaan,Bolehkah pelajar menjalankan perniagaan di kampus?,,Can students run a business on campus?,学生可以在校园做生意吗？,மாணவர்கள் வளாகத்தில் வியாபாரம் செய்யலாமா?
Buku Panduan dan Peraturan Am Pelajar Politeknik,salah_laku_buli,Adakah perbuatan buli dibenarkan?,,Is bullying allowed?,允许霸凌吗？,பகடிவதை அனுமதிக்கப்படுகிறதா?
Buku Panduan dan Peraturan Am Pelajar Politeknik,pemalsuan_dokumen,Adakah pelajar boleh memalsukan surat atau sijil?,,Can students forge letters or certificates?,学生可以伪造信件或证书吗？,மாணவர்கள் கடிதங்கள் அல்லது சான்றிதழ்களைப் போலியாகத் தயாரிக்கலாமா?
Buku Panduan dan Peraturan Am Pelajar Politeknik,demonstrasi,Adakah demonstrasi dibenarkan di kampus?,,Are demonstrations allowed on campus?,校园允许示威吗？,வளாகத்தில் ஆர்ப்பாட்டங்கள் அனுமதிக்கப்படுகிறதா?
Buku Panduan dan Peraturan Am Pelajar Politeknik,ugutan,Apa yang berlaku jika pelajar melakukan ugutan?,,What happens if a student makes threats?,学生如果威胁他人会怎样？,மாணவர் அச்சுறுத்தல் விடுத்தால் என்ன நடக்கும்?
Buku Panduan dan Peraturan Am Pelajar Politeknik,curi_rompak,Adakah mencuri atau merompak dibenarkan?,,Is stealing or robbery allowed?,允许偷窃或抢劫吗？,திருட்டு அல்லது கொள்ளை அனுமதிக்கப்படுகிறதா?
Buku Panduan dan Peraturan Am Pelajar Politeknik,senjata_bahaya,Bolehkah pelajar memiliki senjata berbahaya?,,Can students possess dangerous weapons?,学生可以持有危险武器吗？,மாணவர்கள் ஆபத்தான ஆயுதங்களை வைத்திருக்கலாமா?
Buku Panduan dan Peraturan Am Pelajar Politeknik,elektrik_haram,Adakah penyambungan elektrik haram dibenarkan?,,Are illegal electrical connections allowed?,允许非法接电吗？,சட்டவிரோத மின் இணைப்புகள் அனுமதிக்கப்படுகிறதா?
Buku Panduan dan Peraturan Am Pelajar Politeknik,maklumat_palsu,Adakah pelajar boleh menyebarkan maklumat palsu?,,Can students spread false information?,学生可以散播虚假信息吗？,மாணவர்கள் தவறான தகவல்களைப் பரப்பலாமா?
Buku Panduan dan Peraturan Am Pelajar Politeknik,perpindahan_bilik,Bolehkah penghuni menukar bilik sesuka hati?,,Can residents change rooms as they please?,住宿生可以随意换房间吗？,தங்குவோர் விருப்பப்படி அறை மாறலாமா?
Buku Panduan dan Peraturan Am Pelajar Politeknik,lelaki_perempuan_asrama,Bolehkah pelajar lelaki masuk ke kawasan asrama perempuan?,,Can male students enter the female hostel area?,男学生可以进入女生宿舍区吗？,ஆண் மாணவர்கள் பெண்கள் விடுதிப் பகுதிக்குள் நுழையலாமா?
Buku Panduan dan Peraturan Am Pelajar Politeknik,peralatan_asrama,Bolehkah perabot di bilik diubah susunannya?,,Can the furniture in the room be rearranged?,房间里的家具可以重新摆放吗？,அறையிலுள்ள தளபாடங்களின் அமைப்பை மாற்றலாமா?
Buku Panduan dan Peraturan Am Pelajar Politeknik,kunci_bilik,Perlu kah bilik dikunci bila keluar?,,Must the room be locked when going out?,出门时一定要锁房门吗？,வெளியே செல்லும்போது அறையைப் பூட்ட வேண்டுமா?
Buku Panduan dan Peraturan Am Pelajar Politeknik,penghuni_berdaftar,Siapa yang dibenarkan tinggal di bilik kolej kediaman?,,Who is allowed to live in residential college rooms?,谁可以住在宿舍房间？,குடியிருப்புக் கல்லூரி அறைகளில் வசிக்க யாருக்கு அனுமதி உண்டு?
Buku Panduan dan Peraturan Am Pelajar Politeknik,tetamu_menginap,Bolehkah tetamu menginap di bilik asrama?,,Can guests stay overnight in a hostel room?,访客可以在宿舍房间过夜吗？,விருந்தினர்கள் விடுதி அறையில் இரவு தங்கலாமா?
Buku Panduan dan Peraturan Am Pelajar Politeknik,larangan_senjata_asrama,Adakah penghuni boleh membawa senjata ke asrama?,,Can residents bring weapons into the hostel?,住宿生可以把武器带进宿舍吗？,தங்குவோர் விடுதிக்குள் ஆயுதங்களைக் கொண்டு வரலாமா?
Buku Panduan dan Peraturan Am Pelajar Politeknik,larangan_buli,Adakah aktiviti buli dibenarkan di asrama?,,Is bullying allowed in the hostel?,宿舍允许霸凌吗？,விடுதியில் பகடிவதை அனுமதிக்கப்படுகிறதா?
Buku Panduan dan Peraturan Am Pelajar Politeknik,waktu_keluar_masuk,Apa yang perlu dilakukan semasa keluar masuk asrama?,,What must be done when leaving and entering the hostel?,出入宿舍时需要做什么？,விடுதியிலிருந்து வெளியே சென்று உள்ளே வரும்போது என்ன செய்ய வேண்டும்?
Buku Panduan dan Peraturan Am Pelajar Politeknik,tinggal_luar,Bolehkah penghuni bermalam di luar kolej kediaman?,,Can residents stay overnight outside the residential college?,住宿生可以在宿舍外过夜吗？,தங்குவோர் குடியிருப்புக் கல்லூரிக்கு வெளியே இரவு தங்கலாமா?
Buku Panduan dan Peraturan Am Pelajar Politeknik,serah_kunci,Apa perlu dibuat selepas bilik dikosongkan?,,What must be done after vacating the room?,退房后需要做什么？,அறையைக் காலி செய்த பிறகு என்ன செய்ய வேண்டும்?
Buku Panduan dan Peraturan Am Pelajar Politeknik,bilik_kosong,Apa yang perlu dibuat sebelum keluar dari bilik asrama?,,What must be done before moving out of the hostel room?,搬离宿舍房间前需要做什么？,விடுதி அறையிலிருந்து வெளியேறும் முன் என்ன செய்ய வேண்டும்?
Buku Panduan dan Peraturan Am Pelajar Politeknik,lawatan_asrama,Bagaimana pelawat boleh melawat penghuni asrama?,,How can visitors visit hostel residents?,访客如何探望住宿生？,பார்வையாளர்கள் விடுதியில் தங்குவோரை எப்படிச் சந்திக்கலாம்?
Buku Panduan dan Peraturan Am Pelajar Politeknik,masak_bilik,Bolehkah penghuni memasak di dalam bilik?,,Can residents cook inside their room?,住宿生可以在房间内煮食吗？,தங்குவோர் அறைக்குள் சமைக்கலாமா?
Buku Panduan dan Peraturan Am Pelajar Politeknik,alat_memasak,Adakah periuk nasi elektrik dibenarkan di asrama?,,Are electric rice cookers allowed in the hostel?,宿舍允许使用电饭锅吗？,விடுதியில் மின்சார சாதம் சமைக்கும் பாத்திரம் அனுமதிக்கப்படுகிறதா?
Buku Panduan dan Peraturan Am Pelajar Politeknik,makanan_halal_asrama,Apakah makanan yang dibenarkan masuk ke asrama?,,What food is allowed in the hostel?,什么食物可以带进宿舍？,விடுதிக்குள் எந்த உணவுகள் அனுமதிக்கப்படுகின்றன?
Buku Panduan dan Peraturan Am Pelajar Politeknik,iklan_noti,Bolehkah iklan ditampal sesuka hati di asrama?,,Can advertisements be put up anywhere in the hostel?,可以在宿舍随意张贴广告吗？,விடுதியில் விருப்பப்படி விளம்பரங்களை ஒட்டலாமா?
Buku Panduan dan Peraturan Am Pelajar Politeknik,hiasan_dinding,Bolehkah dinding bilik dipaku untuk hiasan?,,Can room walls be nailed for decoration?,可以在房间墙上钉钉子做装饰吗？,அலங்காரத்துக்காக அறைச் சுவர்களில் ஆணியடிக்கலாமா?
Buku Panduan dan Peraturan Am Pelajar Politeknik,kebersihan_bilik,Siapa bertanggungjawab menjaga kebersihan bilik asrama?,,Who is responsible for keeping the hostel room clean?,谁负责保持宿舍房间清洁？,விடுதி அறையைச் சுத்தமாக வைத்திருப்பது யாருடைய பொறுப்பு?
Buku Panduan dan Peraturan Am Pelajar Politeknik,perabot_bilik,Bolehkah perabot di bilik diubah suai?,,Can the furniture in the room be modified?,房间里的家具可以改装吗？,அறையிலுள்ள தளபாடங்களை மாற்றியமைக்கலாமா?
Buku Panduan dan Peraturan Am Pelajar Politeknik,kawasan_larang,Adakah pelajar dibenarkan masuk ke bilik pengagihan elektrik?,,Are students allowed to enter the electrical distribution room?,学生可以进入配电室吗？,மாணவர்கள் மின் விநியோக அறைக்குள் நுழையலாமா?
Buku Panduan dan Peraturan Am Pelajar Politeknik,kawasan_administrasi_malam,Adakah kawasan pentadbiran dibuka pada waktu malam?,,Is the administration area open at night?,行政区晚上开放吗？,நிர்வாகப் பகுதி இரவில் திறந்திருக்குமா?
Buku Panduan dan Peraturan Am Pelajar Politeknik,kafetaria_larang,Apakah kawasan yang dilarang di kafetaria?,,Which areas are restricted in the cafeteria?,食堂有哪些禁区？,சிற்றுண்டிச்சாலையில் தடைசெய்யப்பட்ட பகுதிகள் எவை?
Buku Panduan dan Peraturan Am Pelajar Politeknik,solat_fardu,Apakah kewajipan pelajar Muslim berkenaan solat?,,What are Muslim students' obligations regarding prayer?,穆斯林学生在祈祷方面有什么义务？,தொழுகை குறித்து முஸ்லிம் மாணவர்களின் கடமைகள் என்ன?
Buku Panduan dan Peraturan Am Pelajar Politeknik,solat_aktiviti,Apa perlu dibuat jika ada aktiviti di masjid atau surau?,,What should I do when there are activities at the mosque or surau?,清真寺或祈祷室有活动时应该怎么做？,பள்ளிவாசல் அல்லது சுராவில் நடவடிக்கைகள் இருக்கும்போது என்ன செய்ய வேண்டும்?
Buku Panduan dan Peraturan Am Pelajar Politeknik,jumaat_lelaki,Apa kewajipan pelajar lelaki Muslim pada hari Jumaat?,,What is required of Muslim male students on Fridays?,穆斯林男学生在星期五需要做什么？,வெள்ளிக்கிழமைகளில் முஸ்லிம் ஆண் மாணவர்களுக்கான கடமை என்ன?
Buku Panduan dan Peraturan Am Pelajar Politeknik,terawih,Apakah galakan semasa bulan Ramadan?,,What is encouraged during the month of Ramadan?,斋戒月期间鼓励做什么？,ரமலான் மாதத்தில் என்ன ஊக்குவிக்கப்படுகிறது?
Buku Panduan dan Peraturan Am Pelajar Politeknik,waktu_riadah,Bila aktiviti sukan perlu tamat?,,When must sports activities end?,运动活动什么时候必须结束？,விளையாட்டு நடவடிக்கைகள் எப்போது முடிய வேண்டும்?
Buku Panduan dan Peraturan Am Pelajar Politeknik,pakaian_riadah,Bagaimana pakaian semasa bersukan?,,What should be worn during sports?,运动时应该穿什么？,விளையாட்டின்போது என்ன அணிய வேண்டும்?
Buku Panduan dan Peraturan Am Pelajar Politeknik,rumah_sewa,Apakah tanggungjawab pelajar yang tinggal di luar kampus?,,What are the responsibilities of students living off campus?,住校外的学生有什么责任？,வளாகத்துக்கு வெளியே தங்கும் மாணவர்களின் பொறுப்புகள் என்ன?
Buku Panduan dan Peraturan Am Pelajar Politeknik,jiran_bising,Bolehkah bunyi radio atau televisyen didengar kuat di rumah sewa?,,Can the radio or TV be played loudly at a rented house?,可以在租屋大声开收音机或电视吗？,வாடகை வீட்டில் வானொலி அல்லது தொலைக்காட்சியைச் சத்தமாக வைக்கலாமா?
Buku Panduan dan Peraturan Am Pelajar Politeknik,berkumpul_luar,Adakah pelajar digalakkan berkumpul di luar rumah?,,Are students encouraged to hang out outside the house?,鼓励学生在屋外聚集吗？,மாணவர்கள் வீட்டுக்கு வெளியே கூடி நிற்பது ஊக்குவிக்கப்படுகிறதா?
Buku Panduan dan Peraturan Am Pelajar Politeknik,lelaki_perempuan_serumah,Bolehkah pelajar lelaki dan perempuan tinggal serumah?,,Can male and female students share a house?,男女学生可以合住一间屋吗？,"ஆண், பெண் மாணவர்கள் ஒரே வீட்டைப் பகிர்ந்து தங்கலாமா?"
Buku Panduan dan Peraturan Am Pelajar Politeknik,kebersihan_rumah,Siapa bertanggungjawab terhadap kebersihan rumah sewa?,,Who is responsible for keeping a rented house clean?,谁负责租屋的清洁？,வாடகை வீட்டின் தூய்மைக்கு யார் பொறுப்பு?
Buku Panduan dan Peraturan Am Pelajar Politeknik,adat_kampus,Adakah pelajar dibenarkan bercakap kuat di dalam kampus?,,Are students allowed to talk loudly on campus?,学生可以在校园大声说话吗？,மாணவர்கள் வளாகத்தில் சத்தமாகப் பேசலாமா?
Buku Panduan dan Peraturan Am Pelajar Politeknik,aduan_pelajar,Bagaimanakah pelajar boleh menyuarakan aduan?,,How can students make a complaint?,学生如何投诉？,மாணவர்கள் எப்படிப் புகார் செய்யலாம்?
Buku Panduan dan Peraturan Am Pelajar Politeknik,bahan_lucah,Adakah pelajar boleh memiliki bahan lucah?,,Are students allowed to have obscene material?,学生可以拥有色情物品吗？,மாணவர்கள் ஆபாசப் பொருட்களை வைத்திருப்பது அனுமதிக்கப்படுகிறதா?
Buku Panduan dan Peraturan Am Pelajar Politeknik,dadah,Adakah pelajar boleh memiliki dadah atau racun?,,Are students allowed to have drugs or poison?,学生可以拥有毒品或毒药吗？,மாணவர்கள் போதைப்பொருள் அல்லது நஞ்சு வைத்திருப்பது அனுமதிக்கப்படுகிறதா?
Buku Panduan dan Peraturan Am Pelajar Politeknik,minuman_keras,Adakah pelajar boleh minum minuman keras?,,Are students allowed to drink alcohol?,学生可以饮酒吗？,மாணவர்கள் மது அருந்துவது அனுமதிக்கப்படுகிறதா?
Buku Panduan dan Peraturan Am Pelajar Politeknik,judi,Adakah pelajar boleh terlibat dalam perjudian?,,Are students allowed to take part in gambling?,学生可以参与赌博吗？,மாணவர்கள் சூதாட்டத்தில் பங்கேற்பது அனுமதிக்கப்படுகிறதா?
Buku Panduan dan Peraturan Am Pelajar Politeknik,perniagaan_kampus,Bolehkah pelajar berniaga di kampus?,,Can students sell things on campus?,学生可以在校园卖东西吗？,மாணவர்கள் வளாகத்தில் பொருட்களை விற்கலாமா?
Buku Panduan dan Peraturan Am Pelajar Politeknik,ugutan_buli,Adakah ugutan dan buli dibenarkan?,,Are threats and bullying allowed?,允许威胁和霸凌吗？,அச்சுறுத்தலும் பகடிவதையும் அனுமதிக்கப்படுகிறதா?
Buku Panduan dan Peraturan Am Pelajar Politeknik,palsu_dokumen,Adakah pelajar boleh memalsukan surat atau sijil?,,Are students allowed to forge letters or certificates?,学生可以伪造信件或证书吗？,மாணவர்கள் கடிதங்கள் அல்லது சான்றிதழ்களைப் போலியாக்குவது அனுமதிக்கப்படுகிறதா?
Buku Panduan dan Peraturan Am Pelajar Politeknik,demonstrasi,Adakah demonstrasi dibenarkan di kampus?,,Are protests allowed on campus?,校园允许抗议吗？,வளாகத்தில் போராட்டங்கள் அனுமதிக்கப்படுகிறதா?
Buku Panduan dan Peraturan Am Pelajar Politeknik,curi_rompak,Adakah mencuri atau merompak dibenarkan?,,Is theft or robbery permitted?,允许偷窃或抢劫吗？,திருட்டு அல்லது கொள்ளைக்கு அனுமதி உண்டா?
Buku Panduan dan Peraturan Am Pelajar Politeknik,senjata,Bolehkah pelajar memiliki senjata berbahaya?,,Are students allowed to carry dangerous weapons?,学生可以携带危险武器吗？,மாணவர்கள் ஆபத்தான ஆயுதங்களை எடுத்துச் செல்லலாமா?
Buku Panduan dan Peraturan Am Pelajar Politeknik,elektrik_haram,Adakah penyambungan elektrik haram dibenarkan?,,Is tapping electricity illegally allowed?,允许非法偷电吗？,சட்டவிரோதமாக மின்சாரம் எடுப்பது அனுமதிக்கப்படுகிறதா?
Buku Panduan dan Peraturan Am Pelajar Politeknik,maklumat_palsu,Adakah pelajar boleh menyebarkan maklumat palsu?,,Are students allowed to spread fake news?,学生可以散播假消息吗？,மாணவர்கள் போலிச் செய்திகளைப் பரப்புவது அனுமதிக்கப்படுகிறதா?
